id,first_name,last_name,email,gender,job,country
1,Nanice,Quinane,nquinane0@utexas.edu,Female,Clinical Specialist,Greece
2,Marshall,Brodest,mbrodest1@yale.edu,Male,Research Nurse,Russia
3,Rachele,Chamney,rchamney2@tinypic.com,Agender,Senior Editor,Brazil
4,Chicky,Rains,crains3@pcworld.com,Female,Graphic Designer,Portugal
5,Borden,Walling,bwalling4@ustream.tv,Male,Programmer Analyst IV,China
6,Gabriello,Bosche,gbosche5@kickstarter.com,Agender,Assistant Manager,Russia
7,Callean,Gallagher,cgallagher6@is.gd,Male,Structural Engineer,Russia
8,Goldy,Limerick,glimerick7@indiatimes.com,Female,Structural Analysis Engineer,Indonesia
9,Deane,Flaubert,dflaubert8@vistaprint.com,Male,Occupational Therapist,China
10,Keene,Kettel,kkettel9@harvard.edu,Male,Senior Cost Accountant,Namibia
11,Amelita,Pochin,apochina@mayoclinic.com,Female,Quality Control Specialist,Poland
12,Ken,Clery,kcleryb@latimes.com,Male,Systems Administrator III,Uruguay
13,Eberto,Dowles,edowlesc@infoseek.co.jp,Male,Engineer IV,Brazil
14,Robin,Dewfall,rdewfalld@yellowpages.com,Male,Food Chemist,Peru
15,Sebastian,Chawner,schawnere@cornell.edu,Male,Sales Representative,Pakistan
16,Keen,Vigors,kvigorsf@odnoklassniki.ru,Male,Desktop Support Technician,Indonesia
17,Patin,Test,ptestg@wiley.com,Male,Chief Design Engineer,Turkey
18,Josefa,Baldacchino,jbaldacchinoh@php.net,Female,Biostatistician I,Indonesia
19,Lanae,Gellan,lgellani@xrea.com,Female,Mechanical Systems Engineer,Thailand
20,Eustacia,Stiling,estilingj@ow.ly,Female,Design Engineer,France
21,Aurea,Dallmann,adallmannk@theglobeandmail.com,Female,Media Manager I,Indonesia
22,Leeland,Huban,lhubanl@youku.com,Male,Senior Developer,Portugal
23,Lennard,Willowby,lwillowbym@nasa.gov,Male,Environmental Specialist,Thailand
24,Austine,Shefton,asheftonn@icio.us,Female,Help Desk Operator,Argentina
25,Kai,Trask,ktrasko@slideshare.net,Female,Legal Assistant,Poland
26,Inge,Kuzemka,ikuzemkap@shareasale.com,Female,VP Product Management,Finland
27,Ethelyn,Hemphrey,ehemphreyq@oracle.com,Female,Chief Design Engineer,Brazil
28,Tomi,Whiteley,twhiteleyr@telegraph.co.uk,Female,VP Marketing,China
29,Sheelah,McGeorge,smcgeorges@comsenz.com,Female,Data Coordiator,China
30,Bendite,Lapere,blaperet@sourceforge.net,Female,VP Product Management,Czech Republic
31,Bronnie,Shaul,bshaulu@google.com.br,Male,Environmental Specialist,Germany
32,Wilbert,Gyles,wgylesv@devhub.com,Male,Assistant Manager,Indonesia
33,Lydia,Partener,lpartenerw@microsoft.com,Polygender,Social Worker,France
34,Artemis,Keigher,akeigherx@ca.gov,Male,Staff Scientist,Portugal
35,Avie,Hankard,ahankardy@rakuten.co.jp,Female,Registered Nurse,Mali
36,Fabiano,Colgan,fcolganz@squidoo.com,Male,Nuclear Power Engineer,Thailand
37,Belle,Drewell,bdrewell10@cafepress.com,Female,Software Engineer II,Indonesia
38,Alyssa,Tackle,atackle11@shop-pro.jp,Female,Professor,Kazakhstan
39,Sean,Jarrad,sjarrad12@tuttocitta.it,Female,Operator,Poland
40,Cody,Luckhurst,cluckhurst13@creativecommons.org,Male,Chief Design Engineer,China
41,Carolyne,Maudett,cmaudett14@i2i.jp,Female,VP Marketing,China
42,Kelsey,Hawkyens,khawkyens15@usatoday.com,Female,Engineer IV,Indonesia
43,Silas,Torra,storra16@wisc.edu,Male,Help Desk Technician,Ecuador
44,Gonzalo,Pickvance,gpickvance17@gmpg.org,Male,General Manager,Slovakia
45,Nydia,Vanstone,nvanstone18@yale.edu,Genderqueer,Systems Administrator IV,China
46,Winny,Selby,wselby19@redcross.org,Male,Technical Writer,Sierra Leone
47,Jean,Devon,jdevon1a@altervista.org,Male,Nurse Practicioner,Philippines
48,Clementius,Weare,cweare1b@ted.com,Male,Environmental Specialist,Nepal
49,Sallyann,Benazet,sbenazet1c@fda.gov,Female,Sales Associate,China
50,Eric,Barbie,ebarbie1d@symantec.com,Male,Research Associate,China
51,Dante,Doughton,ddoughton1e@infoseek.co.jp,Agender,Internal Auditor,Greece
52,Lamar,Buncher,lbuncher1f@eventbrite.com,Male,Health Coach I,Brazil
53,Dreddy,Maytom,dmaytom1g@europa.eu,Female,Marketing Assistant,United States
54,Juditha,MacRierie,jmacrierie1h@pinterest.com,Female,Librarian,United States
55,Tam,Guerreru,tguerreru1i@walmart.com,Male,Paralegal,Japan
56,Marv,Patel,mpatel1j@cam.ac.uk,Male,Operator,China
57,Miof mela,Standeven,mstandeven1k@t.co,Female,Business Systems Development Analyst,Russia
58,Noami,Popham,npopham1l@gnu.org,Female,Director of Sales,Argentina
59,Grayce,Exroll,gexroll1m@chicagotribune.com,Female,VP Marketing,Colombia
60,Wandie,McEnery,wmcenery1n@usatoday.com,Female,Graphic Designer,Thailand
61,Lanita,Buckle,lbuckle1o@microsoft.com,Female,Research Nurse,China
62,Gerri,Sondland,gsondland1p@com.com,Female,Account Representative I,Czech Republic
63,Parker,Thresher,pthresher1q@google.fr,Male,Staff Scientist,Israel
64,Candice,Kiefer,ckiefer1r@nyu.edu,Female,Information Systems Manager,Indonesia
65,Hobey,Dawson,hdawson1s@nyu.edu,Male,Software Consultant,Argentina
66,Elisabeth,D'Elia,edelia1t@slideshare.net,Female,Programmer III,Russia
67,Emmaline,Amburgy,eamburgy1u@dagondesign.com,Female,Web Developer II,France
68,Urbain,Soppeth,usoppeth1v@comsenz.com,Male,Recruiter,Indonesia
69,Giacomo,Kapelhoff,gkapelhoff1w@goo.ne.jp,Male,Analog Circuit Design manager,Canada
70,Mayer,Eite,meite1x@wikia.com,Male,Associate Professor,Nigeria
71,Caye,Viollet,cviollet1y@noaa.gov,Female,Nuclear Power Engineer,Croatia
72,Alick,Corderoy,acorderoy1z@issuu.com,Male,Statistician II,Argentina
73,Brett,Curds,bcurds20@kickstarter.com,Male,Biostatistician I,China
74,Sidney,Marjanovic,smarjanovic21@wisc.edu,Genderfluid,Structural Engineer,Eritrea
75,Sanford,Grzegorek,sgrzegorek22@mac.com,Male,Editor,Yemen
76,Damiano,Oxbrow,doxbrow23@taobao.com,Male,Geologist II,China
77,Birdie,Earengey,bearengey24@amazonaws.com,Bigender,Research Nurse,Chad
78,Mitch,Ollander,mollander25@umich.edu,Male,Assistant Professor,China
79,Diena,Brownlea,dbrownlea26@nymag.com,Female,Accounting Assistant III,Canada
80,Ricard,Ballin,rballin27@acquirethisname.com,Male,Automation Specialist II,France
81,Juanita,Bavester,jbavester28@surveymonkey.com,Female,Budget/Accounting Analyst I,Philippines
82,Orren,Courtliff,ocourtliff29@sun.com,Genderqueer,Physical Therapy Assistant,Uzbekistan
83,Mehetabel,Fidal,mfidal2a@columbia.edu,Female,Payment Adjustment Coordinator,Indonesia
84,Merwyn,Twidle,mtwidle2b@reference.com,Male,Account Executive,Greece
85,Kendricks,McCarroll,kmccarroll2c@ox.ac.uk,Male,Occupational Therapist,Indonesia
86,Orlan,Bonnefin,obonnefin2d@ezinearticles.com,Male,Librarian,Poland
87,Marigold,Sappy,msappy2e@sbwire.com,Female,Structural Engineer,Czech Republic
88,Land,Dani,ldani2f@apache.org,Male,Mechanical Systems Engineer,China
89,Cheri,Lowson,clowson2g@timesonline.co.uk,Female,Account Representative IV,Macedonia
90,Germana,D'Acth,gdacth2h@spotify.com,Female,Database Administrator I,Palestinian Territory
91,Tobye,Dyhouse,tdyhouse2i@nifty.com,Female,Executive Secretary,Russia
92,Abe,Rigden,arigden2j@merriam-webster.com,Male,Help Desk Technician,Brazil
93,Sigismundo,Brewis,sbrewis2k@typepad.com,Male,Nurse,China
94,Winston,Glenton,wglenton2l@ebay.com,Male,Junior Executive,Russia
95,Alec,Crowdson,acrowdson2m@walmart.com,Male,Tax Accountant,Russia
96,Glendon,Rikard,grikard2n@go.com,Male,Legal Assistant,Macedonia
97,Otis,Dafydd,odafydd2o@zimbio.com,Male,Research Assistant II,Philippines
98,Sam,Fruen,sfruen2p@geocities.com,Agender,Administrative Officer,Indonesia
99,Ambros,McGilvra,amcgilvra2q@mediafire.com,Male,Professor,Indonesia
100,Noni,Allder,nallder2r@indiegogo.com,Female,Nurse Practicioner,Barbados
101,Kennan,Spottswood,kspottswood2s@xrea.com,Male,Actuary,Uruguay
102,Gaultiero,Pierrepoint,gpierrepoint2t@timesonline.co.uk,Male,Sales Representative,Serbia
103,Wilek,Whitney,wwhitney2u@hao123.com,Male,Engineer III,France
104,Gwendolin,Lardeux,glardeux2v@t-online.de,Female,Accounting Assistant III,Cape Verde
105,Agretha,Aleksankin,aaleksankin2w@networksolutions.com,Bigender,Assistant Professor,Indonesia
106,Weston,Gude,wgude2x@disqus.com,Male,Sales Representative,China
107,Harcourt,Jeynes,hjeynes2y@hibu.com,Male,Administrative Officer,China
108,Aila,Eeles,aeeles2z@ebay.com,Female,Marketing Manager,Indonesia
109,Maybelle,Duggan,mduggan30@businesswire.com,Genderfluid,Junior Executive,Nigeria
110,Orion,Welband,owelband31@unesco.org,Male,Developer II,Philippines
111,Alberik,Degli Antoni,adegliantoni32@house.gov,Genderfluid,Geological Engineer,Sweden
112,Julianne,Antuk,jantuk33@multiply.com,Female,Account Representative I,China
113,Flemming,Strut,fstrut34@nydailynews.com,Male,Automation Specialist II,Russia
114,Pearla,Kenford,pkenford35@businesswire.com,Female,Geologist IV,Peru
115,Jaclyn,Dunstall,jdunstall36@npr.org,Female,Pharmacist,Japan
116,Juieta,Rangall,jrangall37@nps.gov,Polygender,Tax Accountant,China
117,Shandy,Deards,sdeards38@ifeng.com,Genderfluid,Director of Sales,China
118,Boyce,Gatrell,bgatrell39@usda.gov,Male,Director of Sales,Thailand
119,Nahum,Corbishley,ncorbishley3a@diigo.com,Male,Account Coordinator,France
120,De,Goodsal,dgoodsal3b@google.ru,Female,Analog Circuit Design manager,China
121,Bent,Skokoe,bskokoe3c@homestead.com,Male,Executive Secretary,Sweden
122,Hastie,Oganian,hoganian3d@scientificamerican.com,Male,Clinical Specialist,Greece
123,Dermot,Munden,dmunden3e@hao123.com,Male,Staff Accountant I,France
124,Rosabelle,Draycott,rdraycott3f@gov.uk,Female,Marketing Manager,France
125,Vanessa,Jesson,vjesson3g@ted.com,Female,Help Desk Technician,Japan
126,Rosabel,Chapling,rchapling3h@godaddy.com,Genderqueer,Media Manager II,Brazil
127,Kimmy,Connechy,kconnechy3i@theguardian.com,Female,Administrative Assistant IV,Indonesia
128,Georgeanne,Paike,gpaike3j@artisteer.com,Female,Senior Cost Accountant,Indonesia
129,Shandra,De L'Isle,sdelisle3k@hostgator.com,Female,Geological Engineer,China
130,Nester,Boughtflower,nboughtflower3l@ovh.net,Male,Engineer II,Nigeria
131,Meyer,Luter,mluter3m@hostgator.com,Male,Structural Analysis Engineer,United States
132,Levey,Scholtz,lscholtz3n@dot.gov,Male,Environmental Specialist,Greece
133,Ring,Gellion,rgellion3o@lulu.com,Male,Sales Associate,Peru
134,Lurline,Burlay,lburlay3p@vkontakte.ru,Female,Assistant Manager,China
135,Adella,Roubert,aroubert3q@sbwire.com,Female,Developer III,Indonesia
136,Benji,De Souza,bdesouza3r@123-reg.co.uk,Male,Associate Professor,Jordan
137,Johann,Foch,jfoch3s@nymag.com,Male,Assistant Media Planner,Argentina
138,Nikki,Biggadyke,nbiggadyke3t@nationalgeographic.com,Genderqueer,VP Marketing,Indonesia
139,Shanda,Mummery,smummery3u@qq.com,Female,Biostatistician III,Russia
140,Milissent,Windrum,mwindrum3v@un.org,Female,Graphic Designer,China
141,Pearline,Asch,pasch3w@huffingtonpost.com,Female,Web Designer IV,China
142,Annmaria,Iron,airon3x@redcross.org,Female,Staff Scientist,Libya
143,Dru,Chellingworth,dchellingworth3y@cloudflare.com,Male,VP Marketing,Argentina
144,Emmott,Crossingham,ecrossingham3z@ucla.edu,Male,Registered Nurse,Central African Republic
145,Nat,Frossell,nfrossell40@livejournal.com,Female,VP Product Management,China
146,Erek,Tuffell,etuffell41@hibu.com,Male,Actuary,Russia
147,Aeriel,Peet,apeet42@surveymonkey.com,Polygender,Administrative Officer,Belgium
148,Emmaline,Langmuir,elangmuir43@foxnews.com,Female,Human Resources Assistant III,China
149,Herbie,Kenlin,hkenlin44@hubpages.com,Male,Senior Quality Engineer,Greece
150,Melinda,Spurdon,mspurdon45@squarespace.com,Female,Software Consultant,Peru
151,Ken,Doveston,kdoveston46@craigslist.org,Male,Staff Accountant III,United States
152,Chariot,Valente,cvalente47@uol.com.br,Male,Pharmacist,Serbia
153,Gerhardt,Joret,gjoret48@newsvine.com,Male,Paralegal,Mali
154,Drucill,Elson,delson49@wikia.com,Female,Account Coordinator,France
155,Forrester,Ebunoluwa,febunoluwa4a@tinyurl.com,Male,Geological Engineer,Tanzania
156,Tris,Allred,tallred4b@blogs.com,Male,VP Accounting,France
157,Robers,Brickett,rbrickett4c@mapquest.com,Male,Editor,Czech Republic
158,Tilly,Norcock,tnorcock4d@dailymotion.com,Female,Occupational Therapist,Philippines
159,Kizzie,Jonke,kjonke4e@goo.ne.jp,Bigender,Accountant IV,Albania
160,Corby,Clinch,cclinch4f@booking.com,Male,Financial Analyst,Russia
161,Codi,Lathe,clathe4g@cpanel.net,Male,Engineer II,China
162,Neill,Cadden,ncadden4h@archive.org,Male,GIS Technical Architect,China
163,Christie,Casero,ccasero4i@deviantart.com,Bigender,Pharmacist,Indonesia
164,Florry,Monier,fmonier4j@tamu.edu,Female,Research Assistant III,Ukraine
165,Wyn,Teresa,wteresa4k@abc.net.au,Male,Web Designer II,Indonesia
166,Bobbi,Toby,btoby4l@weather.com,Female,Senior Cost Accountant,China
167,Jo,Kunkel,jkunkel4m@nydailynews.com,Female,Software Consultant,China
168,Georas,Snoden,gsnoden4n@unesco.org,Male,Engineer II,Zambia
169,Jillane,Helkin,jhelkin4o@1und1.de,Agender,Actuary,Sweden
170,Saxe,Haylands,shaylands4p@cloudflare.com,Male,Pharmacist,Brazil
171,Julianne,Diggons,jdiggons4q@facebook.com,Female,Environmental Tech,Czech Republic
172,Vanessa,Sharpe,vsharpe4r@imgur.com,Female,Administrative Officer,China
173,Lethia,Berg,lberg4s@studiopress.com,Female,Editor,Paraguay
174,Cynthie,Cardenosa,ccardenosa4t@unicef.org,Female,Administrative Officer,China
175,Katharine,Clemetts,kclemetts4u@privacy.gov.au,Female,Database Administrator III,China
176,Honor,Heasman,hheasman4v@shareasale.com,Female,Sales Associate,Indonesia
177,Bennie,Charter,bcharter4w@csmonitor.com,Male,Web Designer I,Ireland
178,Dyane,Roston,droston4x@gnu.org,Female,Information Systems Manager,China
179,Eden,Oakland,eoakland4y@archive.org,Female,Marketing Manager,Poland
180,Madella,Pote,mpote4z@google.com.hk,Female,Executive Secretary,China
181,Michael,Brummitt,mbrummitt50@mozilla.com,Male,Biostatistician IV,Portugal
182,Julieta,Chasmoor,jchasmoor51@skype.com,Female,Geologist I,Greece
183,Dwayne,Crayk,dcrayk52@goo.gl,Male,Accountant II,Yemen
184,Isabel,Pearson,ipearson53@cam.ac.uk,Genderfluid,Accounting Assistant II,Indonesia
185,Dacia,Leece,dleece54@yolasite.com,Female,Information Systems Manager,Croatia
186,Roger,Capron,rcapron55@japanpost.jp,Male,Human Resources Manager,Brazil
187,Iseabal,Delion,idelion56@w3.org,Female,Dental Hygienist,Portugal
188,Bert,Stoyles,bstoyles57@msu.edu,Female,Programmer IV,Dominican Republic
189,Matty,Scarse,mscarse58@netvibes.com,Male,Environmental Specialist,Indonesia
190,Kenna,Lambard,klambard59@abc.net.au,Female,Automation Specialist II,Indonesia
191,Evelina,Colliard,ecolliard5a@booking.com,Female,Teacher,Argentina
192,Norri,Elix,nelix5b@qq.com,Female,Assistant Manager,Philippines
193,Leticia,Coiley,lcoiley5c@ca.gov,Female,Developer III,Dominican Republic
194,Merrilee,Aizikov,maizikov5d@macromedia.com,Polygender,Speech Pathologist,Japan
195,Cristionna,Waiting,cwaiting5e@ted.com,Female,Nurse Practicioner,Russia
196,Corry,Boffin,cboffin5f@squarespace.com,Agender,Assistant Professor,Poland
197,Si,Eplate,seplate5g@163.com,Male,Pharmacist,Colombia
198,Heindrick,Pinnegar,hpinnegar5h@phpbb.com,Non-binary,Marketing Assistant,Chile
199,Kirstin,Sharpling,ksharpling5i@sogou.com,Female,Systems Administrator I,Slovenia
200,Lusa,Littlemore,llittlemore5j@tmall.com,Female,Occupational Therapist,China
201,Hamnet,Yendall,hyendall5k@cam.ac.uk,Male,Registered Nurse,Guyana
202,Kandy,Hyrons,khyrons5l@washingtonpost.com,Agender,Design Engineer,Syria
203,Shannan,Loomis,sloomis5m@nyu.edu,Male,Office Assistant III,Indonesia
204,Chelsy,Langeley,clangeley5n@npr.org,Female,Payment Adjustment Coordinator,Russia
205,Orren,Standrin,ostandrin5o@yolasite.com,Male,Marketing Assistant,China
206,Frasco,Scopyn,fscopyn5p@bravesites.com,Polygender,Structural Engineer,Poland
207,Aindrea,Wisdom,awisdom5q@ihg.com,Female,Statistician III,Madagascar
208,Nappie,Massy,nmassy5r@apache.org,Male,Clinical Specialist,Indonesia
209,Tillie,Banes,tbanes5s@nydailynews.com,Female,Marketing Manager,Poland
210,Abbey,Orneblow,aorneblow5t@goo.ne.jp,Genderqueer,Assistant Manager,China
211,Aleece,Duckfield,aduckfield5u@topsy.com,Genderqueer,Engineer II,Portugal
212,Eberhard,Golda,egolda5v@home.pl,Male,Pharmacist,Indonesia
213,Mohandas,De Banke,mdebanke5w@google.co.jp,Male,Sales Representative,Ireland
214,Damita,McAreavey,dmcareavey5x@miibeian.gov.cn,Female,Desktop Support Technician,China
215,Marnie,Velte,mvelte5y@thetimes.co.uk,Female,Project Manager,Russia
216,Ashbey,McEnhill,amcenhill5z@illinois.edu,Male,Staff Scientist,Ukraine
217,Darrel,Springtorp,dspringtorp60@squarespace.com,Male,Research Nurse,Peru
218,Evonne,Bouzan,ebouzan61@delicious.com,Genderfluid,Design Engineer,China
219,Anstice,Critchell,acritchell62@google.de,Female,Human Resources Manager,Finland
220,Rosaline,Dunsleve,rdunsleve63@huffingtonpost.com,Female,Systems Administrator I,Argentina
221,Maxine,Skoggings,mskoggings64@reuters.com,Female,Research Assistant III,Cuba
222,Rene,Rubinowitch,rrubinowitch65@upenn.edu,Male,Structural Engineer,Honduras
223,Stefano,Myhan,smyhan66@sakura.ne.jp,Male,Health Coach I,Russia
224,Tedmund,Wheatcroft,twheatcroft67@ovh.net,Male,Budget/Accounting Analyst III,Russia
225,Bone,Conyer,bconyer68@w3.org,Genderqueer,Analog Circuit Design manager,Portugal
226,Lutero,Yegorshin,lyegorshin69@dedecms.com,Male,Safety Technician II,Indonesia
227,Khalil,St Pierre,kstpierre6a@liveinternet.ru,Male,Compensation Analyst,Sri Lanka
228,Chris,Downie,cdownie6b@dmoz.org,Female,Help Desk Technician,Zimbabwe
229,Colman,Jeffry,cjeffry6c@yellowpages.com,Genderfluid,GIS Technical Architect,Russia
230,Rorke,Frankton,rfrankton6d@live.com,Male,Biostatistician III,Poland
231,Gillan,Shirley,gshirley6e@ihg.com,Female,Media Manager IV,United States
232,Corinna,Posnette,cposnette6f@a8.net,Female,Staff Scientist,South Africa
233,Lurlene,Coffelt,lcoffelt6g@amazon.co.jp,Polygender,VP Product Management,Canada
234,Shem,Purvey,spurvey6h@netvibes.com,Male,Executive Secretary,Chile
235,Ciro,Currington,ccurrington6i@yale.edu,Male,Help Desk Operator,Sweden
236,Trina,Mellem,tmellem6j@abc.net.au,Female,Engineer II,Poland
237,Bunny,Wiszniewski,bwiszniewski6k@blogtalkradio.com,Female,Quality Engineer,Argentina
238,Gery,Clunan,gclunan6l@slashdot.org,Genderqueer,Executive Secretary,Argentina
239,Sadella,McNevin,smcnevin6m@hhs.gov,Female,Environmental Specialist,North Korea
240,Bearnard,Prangnell,bprangnell6n@amazon.co.uk,Male,Assistant Professor,Croatia
241,Neda,Tuffell,ntuffell6o@about.me,Female,Staff Scientist,Japan
242,Kane,Halegarth,khalegarth6p@stumbleupon.com,Male,Sales Associate,Greece
243,Salomon,Turfus,sturfus6q@biblegateway.com,Male,Tax Accountant,Malaysia
244,Marcelle,Emlin,memlin6r@fastcompany.com,Polygender,Structural Engineer,Japan
245,Marvin,De Laspee,mdelaspee6s@go.com,Agender,Structural Engineer,Brazil
246,Abe,Bolduc,abolduc6t@weather.com,Male,Senior Editor,Argentina
247,Alexi,Caughtry,acaughtry6u@squarespace.com,Non-binary,Structural Engineer,Albania
248,Bernadene,Spens,bspens6v@wikispaces.com,Female,Computer Systems Analyst IV,China
249,Sileas,Gownge,sgownge6w@webnode.com,Agender,Recruiting Manager,France
250,Malia,Metcalfe,mmetcalfe6x@wikia.com,Female,Research Associate,Ukraine
251,Imojean,Smithyman,ismithyman6y@barnesandnoble.com,Agender,Graphic Designer,China
252,Raye,Tante,rtante6z@networkadvertising.org,Female,Compensation Analyst,Germany
253,Althea,Brundale,abrundale70@twitter.com,Female,Librarian,Egypt
254,Guthrey,Bruun,gbruun71@phpbb.com,Male,Senior Editor,China
255,Arnoldo,Patemore,apatemore72@histats.com,Male,Assistant Professor,China
256,Ilka,Skelhorne,iskelhorne73@nytimes.com,Female,Mechanical Systems Engineer,Portugal
257,Cosette,Cinavas,ccinavas74@blogs.com,Female,Junior Executive,France
258,Patton,Farries,pfarries75@canalblog.com,Male,Research Associate,Philippines
259,Sergei,Edwardson,sedwardson76@wikimedia.org,Male,Assistant Manager,Czech Republic
260,Patrica,Woodland,pwoodland77@redcross.org,Female,General Manager,Indonesia
261,Egor,Alchin,ealchin78@mozilla.org,Male,Compensation Analyst,Philippines
262,Blake,Gibard,bgibard79@virginia.edu,Male,Administrative Officer,China
263,Parke,Chaplain,pchaplain7a@storify.com,Male,Director of Sales,Philippines
264,Price,Marchent,pmarchent7b@europa.eu,Male,Desktop Support Technician,Pakistan
265,Charlot,Dumberrill,cdumberrill7c@imageshack.us,Female,Structural Engineer,Philippines
266,Elinore,Abys,eabys7d@gmpg.org,Female,Pharmacist,Ukraine
267,Antonietta,Rogez,arogez7e@hostgator.com,Female,Physical Therapy Assistant,Mexico
268,Fons,Claworth,fclaworth7f@hexun.com,Male,Food Chemist,Sweden
269,Mignonne,Lain,mlain7g@nps.gov,Female,Administrative Assistant IV,China
270,Madelena,Penni,mpenni7h@google.cn,Female,Accountant III,Poland
271,Benita,Goburn,bgoburn7i@live.com,Female,Recruiting Manager,Syria
272,Tasha,Jentgens,tjentgens7j@aol.com,Female,Budget/Accounting Analyst III,Cuba
273,Debby,Pennycuick,dpennycuick7k@howstuffworks.com,Female,Analog Circuit Design manager,Japan
274,Cly,Cossor,ccossor7l@mapquest.com,Male,Recruiting Manager,Russia
275,Alessandro,Demeza,ademeza7m@arizona.edu,Male,Speech Pathologist,Argentina
276,Berkeley,Warret,bwarret7n@theglobeandmail.com,Male,Research Associate,Canada
277,Aloin,Dorrell,adorrell7o@soup.io,Male,Project Manager,Reunion
278,Britt,Bounde,bbounde7p@ucsd.edu,Male,Occupational Therapist,Dominican Republic
279,Sargent,Mellonby,smellonby7q@mayoclinic.com,Agender,Accounting Assistant II,Czech Republic
280,Laurette,Engall,lengall7r@google.cn,Female,Marketing Assistant,China
281,Corella,Strathe,cstrathe7s@themeforest.net,Female,Professor,Argentina
282,Dedie,Purry,dpurry7t@issuu.com,Bigender,Software Consultant,Uruguay
283,Parnell,Ossulton,possulton7u@oaic.gov.au,Male,Administrative Assistant IV,Portugal
284,Loralee,Lavery,llavery7v@e-recht24.de,Female,Clinical Specialist,China
285,Jemmie,Peirpoint,jpeirpoint7w@hc360.com,Female,Geological Engineer,France
286,Brock,Lucas,blucas7x@deliciousdays.com,Male,Mechanical Systems Engineer,Philippines
287,Josi,Harbidge,jharbidge7y@bandcamp.com,Polygender,Graphic Designer,Philippines
288,Camilla,Lamplough,clamplough7z@multiply.com,Agender,Programmer Analyst III,Thailand
289,Meggi,Thwaites,mthwaites80@accuweather.com,Female,Account Representative III,Indonesia
290,Livvyy,Jorgesen,ljorgesen81@soup.io,Female,Health Coach II,China
291,Skelly,Infantino,sinfantino82@pbs.org,Male,Research Nurse,China
292,Elly,Muff,emuff83@china.com.cn,Female,Teacher,Portugal
293,Chrystal,Stendell,cstendell84@furl.net,Female,Assistant Media Planner,Colombia
294,Jaquith,Saxon,jsaxon85@imageshack.us,Female,Health Coach I,Philippines
295,Netti,Sawnwy,nsawnwy86@senate.gov,Female,Environmental Specialist,Indonesia
296,Mora,Graben,mgraben87@archive.org,Female,Accountant II,China
297,Lucila,Archbutt,larchbutt88@list-manage.com,Female,Database Administrator I,Mexico
298,Kevon,Possell,kpossell89@51.la,Male,Speech Pathologist,Indonesia
299,Whittaker,Mesias,wmesias8a@yale.edu,Bigender,Data Coordiator,Indonesia
300,Terri,Skim,tskim8b@google.ru,Male,Quality Engineer,China
301,Rhianna,Le Claire,rleclaire8c@nydailynews.com,Female,VP Product Management,Bosnia and Herzegovina
302,Gordy,Pagram,gpagram8d@ox.ac.uk,Male,Senior Editor,Mongolia
303,Lotta,Pamment,lpamment8e@histats.com,Female,Desktop Support Technician,Tunisia
304,Sara,Nevin,snevin8f@chron.com,Female,Help Desk Technician,Morocco
305,Oona,Neville,oneville8g@mapquest.com,Female,Legal Assistant,Poland
306,Tami,Leith,tleith8h@prweb.com,Female,Graphic Designer,United States
307,Hilario,Crother,hcrother8i@newsvine.com,Male,Paralegal,France
308,Zolly,Livezey,zlivezey8j@sbwire.com,Male,VP Accounting,Czech Republic
309,Belia,Sedgeworth,bsedgeworth8k@sitemeter.com,Female,Administrative Officer,Yemen
310,Virgil,Aberkirdo,vaberkirdo8l@furl.net,Male,Budget/Accounting Analyst IV,Nigeria
311,Gerianne,Uphill,guphill8m@amazon.com,Female,Legal Assistant,Croatia
312,Jacky,Hammerson,jhammerson8n@mail.ru,Male,Recruiter,Guyana
313,Garvey,Robertet,grobertet8o@usgs.gov,Male,Accountant IV,Botswana
314,Natty,Meaders,nmeaders8p@yelp.com,Male,Registered Nurse,China
315,Raynor,Ronaghan,rronaghan8q@godaddy.com,Male,Senior Developer,China
316,Claudie,Skull,cskull8r@amazon.de,Non-binary,Web Designer IV,China
317,Courtney,Sambles,csambles8s@bluehost.com,Female,Senior Developer,Russia
318,Isac,Mc Meekan,imcmeekan8t@answers.com,Male,Accounting Assistant II,Indonesia
319,Malissia,Wasmuth,mwasmuth8u@tumblr.com,Female,Quality Engineer,Argentina
320,Margot,Huxham,mhuxham8v@fotki.com,Female,Internal Auditor,Brazil
321,Elset,O' Dooley,eodooley8w@homestead.com,Female,Structural Engineer,Honduras
322,Alix,Kurtis,akurtis8x@usda.gov,Female,Programmer III,Italy
323,Marcelia,Tharme,mtharme8y@stumbleupon.com,Female,Office Assistant III,Colombia
324,Gaylord,Colquhoun,gcolquhoun8z@livejournal.com,Male,Account Executive,Serbia
325,Sean,Evison,sevison90@columbia.edu,Female,Payment Adjustment Coordinator,Indonesia
326,Dyan,Scriviner,dscriviner91@engadget.com,Female,Data Coordiator,China
327,Leisha,Fooks,lfooks92@tripadvisor.com,Female,Software Test Engineer I,Philippines
328,Nathalia,Cowdry,ncowdry93@webeden.co.uk,Female,Mechanical Systems Engineer,Indonesia
329,Ruthanne,O'Moylan,romoylan94@bluehost.com,Female,Sales Representative,Portugal
330,Winni,Churly,wchurly95@washington.edu,Female,Web Developer I,Mexico
331,Dorolisa,Kempstone,dkempstone96@qq.com,Female,Senior Financial Analyst,Russia
332,Ernaline,Moggach,emoggach97@surveymonkey.com,Non-binary,Staff Scientist,Democratic Republic of the Congo
333,Betsey,Visco,bvisco98@furl.net,Female,Account Coordinator,Argentina
334,Luca,Parker,lparker99@histats.com,Male,Software Consultant,Colombia
335,Elianora,Sammes,esammes9a@trellian.com,Female,Nuclear Power Engineer,Albania
336,Abbott,Yerrington,ayerrington9b@geocities.jp,Genderqueer,Technical Writer,China
337,Lou,M'Chirrie,lmchirrie9c@google.ru,Male,Analyst Programmer,Pakistan
338,Sax,Francescotti,sfrancescotti9d@photobucket.com,Male,Account Coordinator,Philippines
339,Fons,Gatherell,fgatherell9e@de.vu,Male,Data Coordiator,Luxembourg
340,Lorant,Gillivrie,lgillivrie9f@liveinternet.ru,Male,Business Systems Development Analyst,Poland
341,Caria,Charlin,ccharlin9g@jugem.jp,Female,VP Accounting,Sint Maarten
342,Dukey,Labram,dlabram9h@wisc.edu,Male,Registered Nurse,Sweden
343,Iseabal,Bonifant,ibonifant9i@ebay.co.uk,Female,Database Administrator I,Armenia
344,Ky,Portman,kportman9j@hugedomains.com,Male,Senior Cost Accountant,Belgium
345,Jaime,Agnew,jagnew9k@bluehost.com,Female,Information Systems Manager,Djibouti
346,Brana,Bestman,bbestman9l@tmall.com,Female,Senior Cost Accountant,France
347,Fanchette,Langstaff,flangstaff9m@dedecms.com,Female,Accounting Assistant II,Russia
348,Laurie,Aingell,laingell9n@ibm.com,Male,Operator,Greece
349,Fredric,Eagland,feagland9o@odnoklassniki.ru,Male,Structural Engineer,Indonesia
350,Denny,Sissens,dsissens9p@newyorker.com,Female,Chief Design Engineer,China
351,Winne,Larn,wlarn9q@umich.edu,Female,Project Manager,Kazakhstan
352,Jeannie,Gravells,jgravells9r@businesswire.com,Genderqueer,Chief Design Engineer,Colombia
353,Hildy,Hayman,hhayman9s@google.ca,Female,Teacher,Afghanistan
354,Jandy,Nicklin,jnicklin9t@kickstarter.com,Female,Assistant Professor,Colombia
355,Eric,Wondraschek,ewondraschek9u@census.gov,Male,Business Systems Development Analyst,Senegal
356,Ainslie,Arbuckle,aarbuckle9v@weather.com,Female,Quality Engineer,Peru
357,Ondrea,Rigby,origby9w@businessinsider.com,Bigender,Account Coordinator,Saudi Arabia
358,Chip,Rysom,crysom9x@guardian.co.uk,Male,Product Engineer,Albania
359,Alix,Ventom,aventom9y@businesswire.com,Female,Staff Scientist,Venezuela
360,Cecily,Reedie,creedie9z@prlog.org,Female,Dental Hygienist,Ireland
361,Elwira,Stoakes,estoakesa0@google.ru,Genderfluid,Health Coach I,France
362,Trula,Milstead,tmilsteada1@icio.us,Female,Teacher,Croatia
363,Jodi,Mont,jmonta2@webeden.co.uk,Male,Health Coach III,China
364,Brena,Annatt,bannatta3@telegraph.co.uk,Female,Environmental Specialist,Ethiopia
365,Kittie,Brandenburg,kbrandenburga4@booking.com,Female,Research Assistant III,Malaysia
366,Chiquita,Hast,chasta5@wunderground.com,Female,Senior Financial Analyst,Indonesia
367,Ced,Biset,cbiseta6@walmart.com,Male,Business Systems Development Analyst,Indonesia
368,Gard,Baldung,gbaldunga7@time.com,Male,Tax Accountant,Philippines
369,Tonye,Duchenne,tduchennea8@arizona.edu,Bigender,Software Engineer II,Vietnam
370,Ansell,Treadaway,atreadawaya9@1688.com,Male,Payment Adjustment Coordinator,Philippines
371,Baxy,Teulier,bteulieraa@blogs.com,Male,Budget/Accounting Analyst III,Croatia
372,Billy,Antonognoli,bantonognoliab@linkedin.com,Female,Marketing Manager,Japan
373,Lory,Peeke,lpeekeac@aboutads.info,Female,Nurse Practicioner,Philippines
374,Erena,Barnhart,ebarnhartad@webs.com,Female,Statistician II,China
375,Allister,Ellingford,aellingfordae@google.de,Male,Staff Accountant I,China
376,Ulric,Legonidec,ulegonidecaf@naver.com,Male,Nurse Practicioner,China
377,Toby,Sumner,tsumnerag@scientificamerican.com,Female,VP Sales,Canada
378,Dan,Denning,ddenningah@globo.com,Male,Automation Specialist IV,Mongolia
379,Lorraine,Ballister,lballisterai@ftc.gov,Female,Tax Accountant,Indonesia
380,Teresita,Daveley,tdaveleyaj@uol.com.br,Polygender,Research Associate,France
381,Marion,Spavins,mspavinsak@samsung.com,Genderqueer,Research Assistant IV,Chad
382,Augusto,Sprowles,asprowlesal@hexun.com,Genderqueer,VP Marketing,Bulgaria
383,Cart,Benard,cbenardam@i2i.jp,Male,General Manager,Sweden
384,Pegeen,Gahan,pgahanan@apache.org,Female,Project Manager,Russia
385,Lew,Gricewood,lgricewoodao@marriott.com,Male,General Manager,South Africa
386,Peggy,Petry,ppetryap@homestead.com,Female,Senior Editor,Cape Verde
387,Sukey,Bannon,sbannonaq@ucoz.ru,Female,Quality Control Specialist,Burkina Faso
388,Fawn,Lisamore,flisamorear@usda.gov,Female,Recruiter,Indonesia
389,Hanson,Harsum,hharsumas@linkedin.com,Male,Structural Engineer,China
390,Jermayne,Rosenzwig,jrosenzwigat@yahoo.com,Male,Community Outreach Specialist,Philippines
391,Milka,Harbert,mharbertau@usgs.gov,Female,Nuclear Power Engineer,Canada
392,Fidelia,Willmer,fwillmerav@soundcloud.com,Female,Senior Financial Analyst,China
393,Friedrick,Durrant,fdurrantaw@hao123.com,Male,Senior Financial Analyst,China
394,Ber,Tellesson,btellessonax@un.org,Male,Nurse,Brazil
395,Malcolm,Dat,mdatay@mit.edu,Male,VP Accounting,Greece
396,Avram,Pisculli,apisculliaz@omniture.com,Male,Analog Circuit Design manager,Brazil
397,Bank,Stearnes,bstearnesb0@comsenz.com,Male,Environmental Tech,Brazil
398,Antony,Wynch,awynchb1@bloomberg.com,Male,VP Sales,Portugal
399,Lilia,Carnegie,lcarnegieb2@shop-pro.jp,Female,Staff Scientist,China
400,Bennett,Gorioli,bgoriolib3@psu.edu,Male,Structural Engineer,Philippines
401,Avram,Ucceli,auccelib4@house.gov,Male,Marketing Manager,China
402,Babbette,Milan,bmilanb5@epa.gov,Female,Human Resources Manager,Russia
403,Kai,Paris,kparisb6@printfriendly.com,Female,Research Nurse,China
404,Marjorie,McCane,mmccaneb7@tmall.com,Female,Accountant I,Philippines
405,Robbi,Darrow,rdarrowb8@twitter.com,Female,Project Manager,Peru
406,Belvia,Badby,bbadbyb9@boston.com,Female,Structural Engineer,Ukraine
407,Mildred,Southwell,msouthwellba@tumblr.com,Agender,Desktop Support Technician,United States
408,Swen,Phelp,sphelpbb@merriam-webster.com,Male,Sales Associate,Colombia
409,Bettina,Riddler,briddlerbc@list-manage.com,Non-binary,Professor,China
410,Lucy,Sinnocke,lsinnockebd@mac.com,Female,Senior Sales Associate,Bolivia
411,Fulton,Warby,fwarbybe@nymag.com,Polygender,Recruiter,Micronesia
412,Ivie,Somerville,isomervillebf@newyorker.com,Female,Help Desk Operator,Croatia
413,Kenton,Gerhartz,kgerhartzbg@nih.gov,Male,GIS Technical Architect,Czech Republic
414,Shawna,Sedge,ssedgebh@sphinn.com,Female,Human Resources Manager,France
415,Valma,Chiechio,vchiechiobi@hibu.com,Female,Web Developer III,Russia
416,Reggi,Signe,rsignebj@weibo.com,Female,Software Test Engineer I,Czech Republic
417,Padraig,McMillian,pmcmillianbk@hatena.ne.jp,Bigender,Structural Analysis Engineer,Venezuela
418,Son,Fleeman,sfleemanbl@booking.com,Bigender,Staff Scientist,Mongolia
419,Elicia,Doumenc,edoumencbm@ifeng.com,Female,Legal Assistant,Pakistan
420,Delcine,Krzysztofiak,dkrzysztofiakbn@ezinearticles.com,Female,Account Executive,Chile
421,Ricky,Soffe,rsoffebo@ox.ac.uk,Male,Sales Representative,Czech Republic
422,Hobard,Peterffy,hpeterffybp@lycos.com,Male,Assistant Media Planner,Indonesia
423,Nicoline,Stannett,nstannettbq@gnu.org,Female,Administrative Officer,Russia
424,Magda,Dicky,mdickybr@4shared.com,Female,Technical Writer,China
425,Woodie,Shrimptone,wshrimptonebs@auda.org.au,Male,Assistant Manager,Philippines
426,Sybil,Willeman,swillemanbt@symantec.com,Female,Chief Design Engineer,Indonesia
427,Zita,Dani,zdanibu@cpanel.net,Polygender,Environmental Specialist,Czech Republic
428,Curtis,Sutherington,csutheringtonbv@bluehost.com,Male,Electrical Engineer,China
429,Kimberlyn,Mathey,kmatheybw@tmall.com,Female,Design Engineer,United States
430,Phedra,Jumeau,pjumeaubx@youku.com,Female,Account Executive,France
431,Arty,O'Fearguise,aofearguiseby@ezinearticles.com,Male,Business Systems Development Analyst,Syria
432,Caroljean,Plummer,cplummerbz@exblog.jp,Female,Senior Financial Analyst,United States
433,Humfrid,Croysdale,hcroysdalec0@tmall.com,Male,Help Desk Operator,Argentina
434,Griffin,Van de Velde,gvandeveldec1@cisco.com,Male,Data Coordiator,Mongolia
435,Sandy,Breyt,sbreytc2@soundcloud.com,Male,Chemical Engineer,Indonesia
436,Burch,Leggs,bleggsc3@bloglovin.com,Male,Tax Accountant,Japan
437,Jenda,Mum,jmumc4@unc.edu,Female,Senior Sales Associate,China
438,Reinhard,Roakes,rroakesc5@youku.com,Genderqueer,GIS Technical Architect,Indonesia
439,Madelaine,Sauvage,msauvagec6@europa.eu,Female,Internal Auditor,Qatar
440,Phip,Philippart,pphilippartc7@list-manage.com,Male,Project Manager,Philippines
441,Von,Spratling,vspratlingc8@jigsy.com,Male,VP Accounting,Ukraine
442,Jared,Trussell,jtrussellc9@sohu.com,Male,Biostatistician IV,Yemen
443,Cesya,Shepeard,cshepeardca@arstechnica.com,Female,Analyst Programmer,Croatia
444,Stafani,Wartonby,swartonbycb@amazonaws.com,Female,Senior Editor,Colombia
445,Darcie,Gainsboro,dgainsborocc@illinois.edu,Female,VP Marketing,United States
446,Vivyan,Beathem,vbeathemcd@reference.com,Female,Tax Accountant,France
447,Daffi,Swanne,dswannece@sina.com.cn,Female,Senior Editor,Ukraine
448,Neddy,McKinlay,nmckinlaycf@hao123.com,Male,Community Outreach Specialist,China
449,Miguel,Jorgesen,mjorgesencg@blog.com,Male,Statistician III,Philippines
450,Eustacia,Gauch,egauchch@unesco.org,Female,Staff Accountant IV,China
451,Rriocard,Alcalde,ralcaldeci@amazon.co.jp,Male,Executive Secretary,Portugal
452,Donia,Weatherell,dweatherellcj@usatoday.com,Female,Payment Adjustment Coordinator,Colombia
453,Frazier,Freak,ffreakck@naver.com,Male,Speech Pathologist,Russia
454,Tallulah,Gunning,tgunningcl@liveinternet.ru,Female,Assistant Media Planner,Ireland
455,Timmie,Russel,trusselcm@artisteer.com,Male,Statistician I,Colombia
456,Paula,Mattioni,pmattionicn@weibo.com,Female,Data Coordiator,China
457,Ruthe,Massenhove,rmassenhoveco@businessinsider.com,Female,Programmer Analyst I,China
458,Marsh,Longforth,mlongforthcp@istockphoto.com,Male,Community Outreach Specialist,Brazil
459,Quintana,Mc Caghan,qmccaghancq@nps.gov,Female,Senior Developer,Indonesia
460,Rhona,Neilson,rneilsoncr@wired.com,Female,Biostatistician I,Russia
461,Farlay,Raspison,fraspisoncs@ox.ac.uk,Male,Chief Design Engineer,China
462,Sela,Calley,scalleyct@amazon.com,Female,Sales Associate,China
463,Leshia,Spring,lspringcu@jimdo.com,Female,Data Coordiator,Azerbaijan
464,Corbett,Skill,cskillcv@skype.com,Male,Assistant Manager,Nigeria
465,Hetti,Jakoubek,hjakoubekcw@sfgate.com,Bigender,Professor,Sweden
466,Zolly,Ciobutaro,zciobutarocx@creativecommons.org,Agender,Analyst Programmer,Portugal
467,Harrie,Virgo,hvirgocy@google.co.uk,Female,Teacher,South Africa
468,Ken,Tregear,ktregearcz@army.mil,Male,Executive Secretary,Nigeria
469,Timmie,Jurasz,tjuraszd0@wisc.edu,Female,Compensation Analyst,Cyprus
470,Renata,Espinoza,respinozad1@hhs.gov,Female,Physical Therapy Assistant,Russia
471,Dallis,Mark,dmarkd2@webeden.co.uk,Male,Computer Systems Analyst II,Colombia
472,Bealle,MacCague,bmaccagued3@hud.gov,Male,Systems Administrator I,Finland
473,Donny,Blemen,dblemend4@cbsnews.com,Female,Desktop Support Technician,China
474,Godard,Meineking,gmeinekingd5@ox.ac.uk,Male,Help Desk Technician,China
475,Griz,Aronowicz,garonowiczd6@businessweek.com,Male,Media Manager II,Republic of the Congo
476,Kath,Turrell,kturrelld7@geocities.jp,Female,Database Administrator III,Senegal
477,Julio,Bromell,jbromelld8@vistaprint.com,Male,Dental Hygienist,China
478,Herman,Geerling,hgeerlingd9@sphinn.com,Male,Budget/Accounting Analyst III,Indonesia
479,Alasdair,Gorelli,agorellida@goo.gl,Male,Pharmacist,Canada
480,Shelly,Lutty,sluttydb@gizmodo.com,Female,Web Developer III,Ukraine
481,Magdalen,Antley,mantleydc@sun.com,Female,Chief Design Engineer,China
482,Rhea,Pauley,rpauleydd@odnoklassniki.ru,Female,Graphic Designer,Indonesia
483,Mildrid,Mechic,mmechicde@google.nl,Genderfluid,Financial Analyst,Zambia
484,Kial,Kibel,kkibeldf@cmu.edu,Non-binary,Product Engineer,Guatemala
485,Leanora,McIlenna,lmcilennadg@jugem.jp,Female,Sales Representative,United States
486,Harald,Cryer,hcryerdh@blinklist.com,Male,Sales Representative,China
487,Annalee,Jenk,ajenkdi@pcworld.com,Female,GIS Technical Architect,Mongolia
488,Pauletta,Phibb,pphibbdj@prnewswire.com,Female,Social Worker,Philippines
489,Maximilianus,Beadles,mbeadlesdk@statcounter.com,Male,VP Accounting,Indonesia
490,Mackenzie,Leah,mleahdl@homestead.com,Male,Nuclear Power Engineer,China
491,Ulrike,Neave,uneavedm@studiopress.com,Female,Social Worker,Russia
492,Lowrance,Kitteman,lkittemandn@pbs.org,Bigender,Sales Associate,Guinea-Bissau
493,Kevon,Alberti,kalbertido@angelfire.com,Male,Senior Sales Associate,China
494,Bessy,Feares,bfearesdp@archive.org,Female,Editor,Kazakhstan
495,Axe,Jelfs,ajelfsdq@accuweather.com,Male,Web Designer I,Iran
496,Wolfgang,Ellwood,wellwooddr@epa.gov,Male,Design Engineer,South Africa
497,Lani,MacNaughton,lmacnaughtonds@vkontakte.ru,Female,Safety Technician II,Democratic Republic of the Congo
498,Nikita,Farthin,nfarthindt@businessinsider.com,Male,Accounting Assistant IV,Indonesia
499,Gibb,Cyseley,gcyseleydu@ow.ly,Male,Legal Assistant,France
500,Vonny,Iacoboni,viacobonidv@dailymotion.com,Female,Human Resources Assistant III,China
501,Bernita,Pottage,bpottagedw@shinystat.com,Female,Nurse,China
502,Laurella,Veel,lveeldx@hp.com,Bigender,Developer I,Egypt
503,Angelo,Youthead,ayoutheaddy@weather.com,Male,Chief Design Engineer,Philippines
504,Udall,MacCurtain,umaccurtaindz@shutterfly.com,Male,Marketing Manager,China
505,Hewe,Bridle,hbridlee0@blogspot.com,Male,Software Engineer I,Brazil
506,Brew,Manach,bmanache1@twitpic.com,Male,Community Outreach Specialist,Portugal
507,Morris,Penlington,mpenlingtone2@so-net.ne.jp,Male,Help Desk Operator,Sweden
508,Alexandre,Bennit,abennite3@discuz.net,Male,Sales Representative,Indonesia
509,Clevey,Burnall,cburnalle4@arstechnica.com,Male,Geological Engineer,Brazil
510,Nelson,Haining,nhaininge5@barnesandnoble.com,Male,Senior Financial Analyst,Indonesia
511,Natasha,Bett,nbette6@weather.com,Female,Legal Assistant,Japan
512,Ricardo,Ancliffe,rancliffee7@addthis.com,Male,Speech Pathologist,Portugal
513,Boony,Muslim,bmuslime8@google.it,Genderfluid,Teacher,Serbia
514,Sybila,Fludder,sfluddere9@goo.gl,Female,Software Engineer I,Indonesia
515,Nichole,Fosserd,nfosserdea@nba.com,Male,Statistician I,China
516,Hew,Liccardo,hliccardoeb@washington.edu,Male,Recruiting Manager,Russia
517,Conan,Urlich,curlichec@gravatar.com,Male,Sales Associate,Greece
518,Haze,Yalden,hyaldened@squidoo.com,Polygender,Structural Analysis Engineer,Norway
519,Brendis,Buckston,bbuckstonee@ning.com,Bigender,VP Sales,Ukraine
520,Jodee,Tanzer,jtanzeref@deviantart.com,Female,Financial Advisor,China
521,Marlo,Cranage,mcranageeg@telegraph.co.uk,Female,Programmer I,Zambia
522,Peggy,Loadsman,ploadsmaneh@cafepress.com,Female,Accountant I,Philippines
523,Anson,Mazillius,amazilliusei@skype.com,Male,Web Developer III,Mongolia
524,Petronia,Scholling,pschollingej@state.tx.us,Female,Engineer IV,Indonesia
525,Cary,Garnall,cgarnallek@weibo.com,Female,Assistant Media Planner,Indonesia
526,Jeddy,Mangenet,jmangenetel@jugem.jp,Male,Assistant Professor,China
527,Joanne,Blown,jblownem@zdnet.com,Genderfluid,Structural Analysis Engineer,Sweden
528,Cristionna,Scotts,cscottsen@google.com,Female,Clinical Specialist,Honduras
529,Shirlee,Thouless,sthoulesseo@imageshack.us,Female,Account Executive,China
530,Constantin,Tweede,ctweedeep@jigsy.com,Male,Research Nurse,Vietnam
531,Delmor,Mattaus,dmattauseq@nationalgeographic.com,Male,Help Desk Operator,Poland
532,Vernor,Pagon,vpagoner@jugem.jp,Male,Research Assistant III,Indonesia
533,Berkie,Leamy,bleamyes@hexun.com,Male,Community Outreach Specialist,Sri Lanka
534,Rochester,Hallowes,rhalloweset@cisco.com,Male,Technical Writer,Indonesia
535,Kerrill,Hunnawill,khunnawilleu@cdc.gov,Female,Budget/Accounting Analyst II,Indonesia
536,Janifer,Cottey,jcotteyev@constantcontact.com,Female,Product Engineer,China
537,Lind,O'Hagan,lohaganew@deliciousdays.com,Female,Pharmacist,Poland
538,Lindie,Sarjent,lsarjentex@youtube.com,Female,Internal Auditor,United States
539,Jaime,Paliser,jpaliserey@sciencedirect.com,Female,Financial Advisor,Mexico
540,Suzette,Simm,ssimmez@marriott.com,Female,Health Coach II,Venezuela
541,Lane,Scrange,lscrangef0@usnews.com,Male,Recruiting Manager,Brazil
542,Tess,Raynard,traynardf1@globo.com,Female,Automation Specialist III,Albania
543,Von,MacGettigen,vmacgettigenf2@ucsd.edu,Male,Graphic Designer,Philippines
544,Fayina,Scanlin,fscanlinf3@weather.com,Female,Nurse,Japan
545,Lewiss,Parsand,lparsandf4@mapquest.com,Male,General Manager,Botswana
546,Adelind,Martignoni,amartignonif5@go.com,Polygender,Sales Associate,Netherlands
547,Andria,Erwin,aerwinf6@bbb.org,Female,Help Desk Technician,Poland
548,Hirsch,Hug,hhugf7@usatoday.com,Male,Structural Engineer,China
549,Othella,Alasdair,oalasdairf8@1und1.de,Genderqueer,Geologist IV,Indonesia
550,Sal,Glasser,sglasserf9@unc.edu,Male,Recruiter,Cuba
551,Shermy,Etchells,setchellsfa@fc2.com,Male,Human Resources Assistant II,Netherlands
552,Clio,Bricklebank,cbricklebankfb@hibu.com,Female,Budget/Accounting Analyst IV,Bolivia
553,Tiertza,Borthe,tborthefc@livejournal.com,Female,Recruiting Manager,China
554,Meghann,Oldland,moldlandfd@naver.com,Female,VP Sales,Poland
555,Thaddus,Adlington,tadlingtonfe@vinaora.com,Male,General Manager,Ukraine
556,Kent,Littlewood,klittlewoodff@privacy.gov.au,Male,Teacher,United States
557,Wayne,Lelande,wlelandefg@forbes.com,Male,Nuclear Power Engineer,Ireland
558,Rafael,Schumacher,rschumacherfh@nps.gov,Male,Social Worker,China
559,Patrice,Gilchrest,pgilchrestfi@biglobe.ne.jp,Female,Recruiting Manager,China
560,Beniamino,Drinkel,bdrinkelfj@google.it,Male,Nurse,Argentina
561,Gale,Lack,glackfk@storify.com,Female,Recruiting Manager,Sweden
562,Itch,Lofthouse,ilofthousefl@hhs.gov,Male,Quality Engineer,China
563,Marcus,Pashan,mpashanfm@sina.com.cn,Male,GIS Technical Architect,Finland
564,Jolyn,Belcham,jbelchamfn@disqus.com,Female,Recruiting Manager,Colombia
565,Cissiee,Doyle,cdoylefo@google.nl,Female,Food Chemist,Sweden
566,Hasty,Glendining,hglendiningfp@unblog.fr,Male,Geologist II,Senegal
567,Davey,Rubinsztein,drubinszteinfq@wufoo.com,Male,Pharmacist,China
568,Jeanine,Duffield,jduffieldfr@cornell.edu,Female,Sales Associate,Germany
569,Bobby,Laxen,blaxenfs@google.co.jp,Male,Automation Specialist II,Norway
570,Cariotta,Parffrey,cparffreyft@smh.com.au,Female,Biostatistician I,China
571,Emlynne,Keepin,ekeepinfu@apache.org,Female,Analyst Programmer,Indonesia
572,Dyana,Blasi,dblasifv@hud.gov,Female,VP Quality Control,Indonesia
573,Kathryn,Sigart,ksigartfw@biblegateway.com,Female,Environmental Tech,China
574,Pat,Teresi,pteresifx@mayoclinic.com,Male,Senior Quality Engineer,China
575,Maurita,Sandwich,msandwichfy@miibeian.gov.cn,Female,Design Engineer,Japan
576,Jerrylee,Le Fevre,jlefevrefz@sun.com,Female,Registered Nurse,Bolivia
577,Branden,Matiasek,bmatiasekg0@discuz.net,Male,Computer Systems Analyst I,Comoros
578,Jase,Chalcraft,jchalcraftg1@acquirethisname.com,Male,Programmer Analyst IV,Peru
579,Casandra,Schneidau,cschneidaug2@flickr.com,Female,Dental Hygienist,China
580,Coral,Jelleman,cjellemang3@ucsd.edu,Female,Analyst Programmer,Thailand
581,Alasteir,Pitbladdo,apitbladdog4@nationalgeographic.com,Bigender,Health Coach I,Portugal
582,Christiana,Benian,cbeniang5@craigslist.org,Female,Automation Specialist II,Palestinian Territory
583,Jarrad,Mechell,jmechellg6@photobucket.com,Male,Senior Cost Accountant,China
584,Blayne,Huffy,bhuffyg7@reference.com,Male,Payment Adjustment Coordinator,Mexico
585,Booth,Martell,bmartellg8@gnu.org,Male,GIS Technical Architect,Indonesia
586,Yvon,Simeoli,ysimeolig9@mapquest.com,Male,Pharmacist,Colombia
587,Tillie,Vanes,tvanesga@bigcartel.com,Female,VP Product Management,Czech Republic
588,Zack,Burress,zburressgb@meetup.com,Male,Operator,Indonesia
589,Dawna,Nizard,dnizardgc@aboutads.info,Female,Payment Adjustment Coordinator,Panama
590,Erminie,Jeske,ejeskegd@shop-pro.jp,Female,General Manager,Philippines
591,Eldin,Mowsdell,emowsdellge@addtoany.com,Male,Food Chemist,France
592,Phillipp,Reskelly,preskellygf@cargocollective.com,Male,Marketing Assistant,Indonesia
593,Kennedy,Ingon,kingongg@issuu.com,Male,Accounting Assistant I,Poland
594,Natassia,Fice,nficegh@seattletimes.com,Female,Design Engineer,Czech Republic
595,Hollyanne,Sibthorpe,hsibthorpegi@exblog.jp,Female,Professor,Japan
596,Nat,Hugh,nhughgj@mac.com,Bigender,Paralegal,Kazakhstan
597,Ellen,Guidone,eguidonegk@ucoz.ru,Female,Nurse,Cuba
598,Danice,Kowal,dkowalgl@tripadvisor.com,Female,Biostatistician III,Portugal
599,Che,Conichie,cconichiegm@360.cn,Male,Chief Design Engineer,France
600,Roxana,Dicks,rdicksgn@amazon.co.uk,Genderfluid,Senior Sales Associate,Russia
601,Mickie,Sellen,msellengo@google.fr,Female,Human Resources Manager,Canada
602,Jordon,Channing,jchanninggp@theatlantic.com,Male,Data Coordiator,Philippines
603,Chico,Culpin,cculpingq@biglobe.ne.jp,Male,Food Chemist,Ukraine
604,Cordie,Daintier,cdaintiergr@about.com,Male,Accounting Assistant IV,Greece
605,Nathan,Baumber,nbaumbergs@abc.net.au,Male,VP Product Management,Ecuador
606,Mariejeanne,Pregal,mpregalgt@businessweek.com,Female,Safety Technician IV,Yemen
607,Allissa,Pyner,apynergu@fema.gov,Genderqueer,Senior Financial Analyst,Iran
608,Othilia,Robart,orobartgv@ca.gov,Female,Geologist I,Iran
609,Genovera,Carbry,gcarbrygw@goodreads.com,Female,Quality Control Specialist,Philippines
610,Gwennie,Pilkington,gpilkingtongx@yahoo.com,Female,Design Engineer,Niger
611,Pearla,Toller,ptollergy@nasa.gov,Bigender,Senior Sales Associate,Thailand
612,Alf,Grinyer,agrinyergz@pagesperso-orange.fr,Male,Senior Quality Engineer,Indonesia
613,Agatha,Mariette,amarietteh0@sohu.com,Female,Account Coordinator,Cameroon
614,Geoffry,Le Merchant,glemerchanth1@exblog.jp,Male,Web Developer IV,Zambia
615,Deidre,Jeannin,djeanninh2@usnews.com,Female,Help Desk Technician,Philippines
616,Filberto,Wolton,fwoltonh3@sakura.ne.jp,Male,Data Coordiator,China
617,Charisse,Choake,cchoakeh4@accuweather.com,Female,Software Test Engineer III,China
618,Bengt,Pottle,bpottleh5@clickbank.net,Male,Account Coordinator,China
619,Mahala,Deane,mdeaneh6@mail.ru,Agender,Accounting Assistant II,Gabon
620,Merridie,Bossons,mbossonsh7@toplist.cz,Female,Environmental Tech,Brazil
621,Babb,Cheine,bcheineh8@skype.com,Female,Computer Systems Analyst I,Ivory Coast
622,Dru,Billing,dbillingh9@bloglines.com,Male,Human Resources Assistant II,Colombia
623,Terese,Wint,twintha@artisteer.com,Female,Financial Advisor,China
624,Lowe,Lazarus,llazarushb@ifeng.com,Male,Administrative Assistant I,China
625,Melinda,Bartlam,mbartlamhc@storify.com,Female,Occupational Therapist,Philippines
626,Raffaello,Faughey,rfaugheyhd@oaic.gov.au,Male,Associate Professor,Ecuador
627,Pincas,Josskowitz,pjosskowitzhe@jalbum.net,Male,Actuary,France
628,Lawry,Beedham,lbeedhamhf@admin.ch,Male,Electrical Engineer,China
629,Deane,Chaise,dchaisehg@ning.com,Male,Paralegal,Indonesia
630,Hale,McMickan,hmcmickanhh@usatoday.com,Male,Financial Analyst,Afghanistan
631,Ceciley,Brunon,cbrunonhi@google.pl,Female,Assistant Professor,Indonesia
632,Adam,St. Louis,astlouishj@ning.com,Male,Registered Nurse,China
633,Florry,Swin,fswinhk@biblegateway.com,Female,Senior Editor,Indonesia
634,Abbie,Give,agivehl@sciencedirect.com,Agender,Desktop Support Technician,Philippines
635,Dinnie,Margram,dmargramhm@webmd.com,Female,Executive Secretary,China
636,Klement,Abramowitz,kabramowitzhn@ca.gov,Male,Information Systems Manager,Philippines
637,Danna,Challener,dchallenerho@moonfruit.com,Female,Administrative Assistant IV,Tanzania
638,Barby,Wrankmore,bwrankmorehp@apache.org,Female,Civil Engineer,China
639,Elyse,Wood,ewoodhq@4shared.com,Female,VP Marketing,Greece
640,Bard,Lennarde,blennardehr@hibu.com,Male,Structural Analysis Engineer,China
641,Anatole,Brown,abrownhs@wordpress.com,Male,Senior Cost Accountant,Uruguay
642,Avram,Knowlton,aknowltonht@unblog.fr,Male,Automation Specialist I,Peru
643,Pam,Hows,phowshu@ox.ac.uk,Female,Internal Auditor,Serbia
644,Birdie,Musslewhite,bmusslewhitehv@miibeian.gov.cn,Female,Computer Systems Analyst IV,China
645,Staford,Eamer,seamerhw@sciencedaily.com,Male,Geological Engineer,Ukraine
646,Baxy,Hinnerk,bhinnerkhx@businesswire.com,Male,Payment Adjustment Coordinator,Myanmar
647,Demetrius,Gillis,dgillishy@drupal.org,Male,Administrative Officer,Thailand
648,Sydney,Rozier,srozierhz@youku.com,Non-binary,Cost Accountant,United States
649,Parrnell,Spittall,pspittalli0@freewebs.com,Male,Nurse Practicioner,Indonesia
650,Christen,O'Corren,cocorreni1@lulu.com,Female,Professor,France
651,Veronike,Aim,vaimi2@de.vu,Female,Social Worker,Brazil
652,Dedie,Spink,dspinki3@google.com.hk,Female,VP Quality Control,Poland
653,Garwood,Goundsy,ggoundsyi4@google.it,Male,Statistician III,Peru
654,Ennis,Seiller,eseilleri5@microsoft.com,Male,Editor,Burkina Faso
655,Prisca,Beechcraft,pbeechcrafti6@senate.gov,Female,Environmental Tech,Croatia
656,Tove,Newling,tnewlingi7@washingtonpost.com,Female,Administrative Officer,Russia
657,Wallas,Dugood,wdugoodi8@wordpress.org,Male,Research Nurse,Morocco
658,Fina,Verrechia,fverrechiai9@barnesandnoble.com,Female,Environmental Specialist,China
659,Cob,Spat,cspatia@spotify.com,Male,Analyst Programmer,Brazil
660,Mitchel,O'Kinedy,mokinedyib@china.com.cn,Male,Teacher,Philippines
661,Ceil,Tilsley,ctilsleyic@utexas.edu,Female,Data Coordiator,United States
662,Coleman,Bau,cbauid@soundcloud.com,Bigender,VP Product Management,China
663,Darline,Verbrugge,dverbruggeie@google.nl,Female,VP Sales,Thailand
664,Stavro,Felmingham,sfelminghamif@uol.com.br,Male,Biostatistician III,China
665,Yorgo,Nockells,ynockellsig@hao123.com,Male,Analyst Programmer,Japan
666,Gardie,Sillett,gsillettih@redcross.org,Male,Analog Circuit Design manager,Republic of the Congo
667,Heddi,Stilly,hstillyii@blogger.com,Female,Help Desk Operator,Canada
668,Flossy,Bousquet,fbousquetij@nhs.uk,Female,General Manager,United States
669,Flossie,Moggle,fmoggleik@yolasite.com,Female,Editor,China
670,Cathie,Mottley,cmottleyil@economist.com,Female,Payment Adjustment Coordinator,Indonesia
671,Lia,Aveyard,laveyardim@seesaa.net,Female,Senior Sales Associate,Chile
672,Lorita,Meijer,lmeijerin@quantcast.com,Female,Design Engineer,Niger
673,Lauretta,Marcq,lmarcqio@zdnet.com,Female,Research Associate,United States
674,Krissy,Bogges,kboggesip@nature.com,Polygender,Business Systems Development Analyst,China
675,Giusto,Glass,gglassiq@stumbleupon.com,Male,Accountant IV,Thailand
676,Ursula,Ickovitz,uickovitzir@reuters.com,Female,Speech Pathologist,China
677,Reuven,Elies,reliesis@mayoclinic.com,Male,Software Test Engineer II,Philippines
678,Belia,Trahear,btrahearit@usa.gov,Female,Business Systems Development Analyst,Finland
679,Emily,Zuenelli,ezuenelliiu@msu.edu,Female,Automation Specialist II,Poland
680,Genia,Brogi,gbrogiiv@columbia.edu,Female,Information Systems Manager,Brazil
681,Demetris,Mowsley,dmowsleyiw@oracle.com,Male,Software Consultant,South Africa
682,Izaak,Whear,iwhearix@nps.gov,Male,Librarian,Samoa
683,Ferdie,Halso,fhalsoiy@de.vu,Male,VP Marketing,China
684,Sherwynd,Castenda,scastendaiz@seesaa.net,Male,Senior Sales Associate,Poland
685,Isiahi,Bru,ibruj0@xing.com,Genderqueer,Environmental Tech,United States
686,Xenos,Peealess,xpeealessj1@cnn.com,Male,Help Desk Technician,Central African Republic
687,Bron,Sheather,bsheatherj2@paypal.com,Male,Accounting Assistant II,Democratic Republic of the Congo
688,Maia,Thurstan,mthurstanj3@histats.com,Female,Administrative Assistant III,Colombia
689,Audrye,Maharey,amahareyj4@pagesperso-orange.fr,Female,Compensation Analyst,Philippines
690,Shaylah,Chander,schanderj5@hao123.com,Female,Budget/Accounting Analyst I,Armenia
691,Petr,Felgat,pfelgatj6@whitehouse.gov,Male,Staff Scientist,Myanmar
692,Torrance,Buffham,tbuffhamj7@google.es,Male,Media Manager II,Japan
693,Jeddy,Cockhill,jcockhillj8@businesswire.com,Male,Programmer Analyst I,Sweden
694,Ev,Spellman,espellmanj9@ustream.tv,Male,Research Associate,Portugal
695,Belicia,Petworth,bpetworthja@adobe.com,Female,Graphic Designer,Greece
696,Elise,Gribben,egribbenjb@umn.edu,Female,Web Developer IV,China
697,Chip,Ruperti,crupertijc@qq.com,Male,Administrative Assistant III,Indonesia
698,Parke,Chomicz,pchomiczjd@github.io,Male,Environmental Specialist,Panama
699,Giselle,Batchelor,gbatchelorje@samsung.com,Female,Help Desk Technician,United States
700,Jeniece,Lepope,jlepopejf@free.fr,Female,Senior Editor,Argentina
701,Josselyn,Flello,jflellojg@cbsnews.com,Female,Teacher,China
702,Olia,Lynd,olyndjh@liveinternet.ru,Female,Tax Accountant,United States
703,Suzette,Babalola,sbabalolaji@gravatar.com,Female,VP Sales,France
704,Brittni,Waplinton,bwaplintonjj@google.pl,Female,Nurse,Philippines
705,Nannie,Duligall,nduligalljk@reuters.com,Female,Human Resources Assistant III,Russia
706,Bride,Osmant,bosmantjl@google.pl,Female,Office Assistant I,Peru
707,Nikolas,Maplethorpe,nmaplethorpejm@chicagotribune.com,Male,Data Coordiator,Mexico
708,Sandra,Martinek,smartinekjn@weather.com,Female,Marketing Assistant,Peru
709,Phedra,Braksper,pbraksperjo@networkadvertising.org,Female,Senior Sales Associate,Rwanda
710,Godwin,Gerhts,ggerhtsjp@sbwire.com,Male,Teacher,Malaysia
711,Fifi,Narup,fnarupjq@yahoo.com,Female,Teacher,China
712,Gibbie,Tucknutt,gtucknuttjr@flickr.com,Male,Physical Therapy Assistant,Finland
713,Beniamino,Gull,bgulljs@moonfruit.com,Male,Administrative Officer,France
714,Wynn,Gilhooly,wgilhoolyjt@vinaora.com,Female,Computer Systems Analyst III,Belarus
715,Brunhilde,Hollyar,bhollyarju@icq.com,Female,VP Product Management,Cameroon
716,Aretha,Chattaway,achattawayjv@oracle.com,Female,VP Accounting,China
717,Moore,Orae,moraejw@prlog.org,Male,Web Developer III,Pakistan
718,Joell,Henrion,jhenrionjx@usda.gov,Female,Senior Quality Engineer,Democratic Republic of the Congo
719,Allistir,Slimings,aslimingsjy@51.la,Non-binary,Sales Representative,Sri Lanka
720,Betsy,Dundridge,bdundridgejz@rakuten.co.jp,Female,Staff Scientist,China
721,Humbert,Pervoe,hpervoek0@buzzfeed.com,Male,Account Coordinator,Kyrgyzstan
722,Alex,Gomm,agommk1@e-recht24.de,Male,Tax Accountant,France
723,Onofredo,Waight,owaightk2@nationalgeographic.com,Male,Senior Financial Analyst,Russia
724,Lowe,Mozzetti,lmozzettik3@nature.com,Male,Programmer I,Peru
725,Timmie,Drissell,tdrissellk4@pcworld.com,Male,Senior Sales Associate,Greece
726,Darryl,Wettern,dwetternk5@cdbaby.com,Female,Sales Associate,China
727,Rudie,Aspland,rasplandk6@oaic.gov.au,Male,Recruiting Manager,Nigeria
728,Petr,Moralas,pmoralask7@tripod.com,Male,Quality Engineer,Montserrat
729,Christen,Seton,csetonk8@home.pl,Female,Junior Executive,Democratic Republic of the Congo
730,Mose,Laba,mlabak9@gmpg.org,Male,VP Quality Control,North Korea
731,Franky,Rawstorn,frawstornka@simplemachines.org,Female,Associate Professor,France
732,Gertrudis,McGrale,gmcgralekb@salon.com,Bigender,Engineer II,Canada
733,Gustavus,Ebunoluwa,gebunoluwakc@discovery.com,Male,Project Manager,Albania
734,Glenn,Berthel,gberthelkd@netscape.com,Male,Executive Secretary,China
735,Cathrin,Fonte,cfonteke@digg.com,Female,Account Coordinator,China
736,Moe,Brunsden,mbrunsdenkf@omniture.com,Non-binary,Software Consultant,Poland
737,Lombard,McFadzean,lmcfadzeankg@spotify.com,Male,Community Outreach Specialist,Poland
738,Aksel,Luckwell,aluckwellkh@washington.edu,Male,Senior Cost Accountant,Indonesia
739,Craggy,Titterell,ctitterellki@examiner.com,Male,Nurse Practicioner,North Korea
740,Marie,Scoggan,mscoggankj@guardian.co.uk,Female,Operator,Russia
741,Elianore,Jermyn,ejermynkk@1688.com,Female,Senior Quality Engineer,China
742,Lennie,Baroc,lbarockl@blogtalkradio.com,Genderfluid,Staff Scientist,Brazil
743,Finn,Phillput,fphillputkm@hao123.com,Male,Systems Administrator III,Zimbabwe
744,Joceline,Manuel,jmanuelkn@youku.com,Female,Compensation Analyst,China
745,Demetre,Risman,drismanko@altervista.org,Male,Geologist IV,Philippines
746,Hobart,Lis,hliskp@globo.com,Male,Research Nurse,Russia
747,Ashla,Shapter,ashapterkq@usnews.com,Female,Junior Executive,Japan
748,Ingrid,MacGray,imacgraykr@gov.uk,Female,Assistant Manager,Portugal
749,Yorgos,Cheales,ychealesks@wp.com,Polygender,Administrative Assistant IV,Greece
750,Domingo,Folkard,dfolkardkt@npr.org,Male,Programmer Analyst IV,Croatia
751,Gail,Wedgwood,gwedgwoodku@wix.com,Female,Systems Administrator II,Ukraine
752,Walther,Kingh,wkinghkv@vistaprint.com,Male,Senior Developer,Slovenia
753,Maisey,Poynter,mpoynterkw@unesco.org,Female,Media Manager III,United States
754,Jourdain,McGuire,jmcguirekx@51.la,Male,Actuary,China
755,Laura,Warman,lwarmanky@devhub.com,Female,GIS Technical Architect,Peru
756,Amabelle,Usherwood,ausherwoodkz@geocities.jp,Female,Pharmacist,Russia
757,Harley,Linham,hlinhaml0@senate.gov,Male,Executive Secretary,United States
758,Haleigh,Laudham,hlaudhaml1@so-net.ne.jp,Female,Staff Scientist,Greece
759,Keelby,Reinhart,kreinhartl2@oakley.com,Polygender,Marketing Assistant,Syria
760,Gallagher,Canfield,gcanfieldl3@google.ru,Male,Design Engineer,Argentina
761,Robinet,Halliwell,rhalliwelll4@biglobe.ne.jp,Female,Paralegal,France
762,Gardy,Foulkes,gfoulkesl5@nhs.uk,Male,Technical Writer,Portugal
763,Hattie,Yurmanovev,hyurmanovevl6@clickbank.net,Female,Senior Financial Analyst,Peru
764,Hyacinthie,Woofenden,hwoofendenl7@wikispaces.com,Female,Computer Systems Analyst II,Belarus
765,Troy,Formby,tformbyl8@biblegateway.com,Male,Actuary,Portugal
766,Benn,Thornbarrow,bthornbarrowl9@jimdo.com,Male,Assistant Media Planner,Democratic Republic of the Congo
767,Alberta,Currum,acurrumla@mit.edu,Female,Developer III,Greece
768,Rycca,Trunchion,rtrunchionlb@sfgate.com,Female,Assistant Media Planner,Brazil
769,Jay,Sired,jsiredlc@moonfruit.com,Male,Librarian,Bosnia and Herzegovina
770,Idalia,Danielli,idaniellild@sciencedirect.com,Female,Associate Professor,Thailand
771,Simona,Carvilla,scarvillale@toplist.cz,Female,Occupational Therapist,Peru
772,Akim,Athy,aathylf@behance.net,Male,Account Coordinator,Central African Republic
773,Rebekkah,Harbor,rharborlg@youtu.be,Female,GIS Technical Architect,Brazil
774,Rustie,Coaker,rcoakerlh@umn.edu,Male,Associate Professor,Botswana
775,Kirby,Kempston,kkempstonli@china.com.cn,Male,Human Resources Assistant I,Croatia
776,Claudina,Veivers,cveiverslj@cnn.com,Female,Engineer II,Portugal
777,Wenda,Chrishop,wchrishoplk@merriam-webster.com,Female,Engineer II,Thailand
778,Erma,Blakemore,eblakemorell@google.ru,Female,Sales Associate,Indonesia
779,Robinette,Dossantos,rdossantoslm@salon.com,Female,Engineer IV,Azerbaijan
780,Broderic,Stockman,bstockmanln@dagondesign.com,Male,Teacher,Indonesia
781,Steven,Yannoni,syannonilo@tinyurl.com,Male,Accounting Assistant I,United States
782,Mart,Wallsam,mwallsamlp@yelp.com,Male,Sales Associate,Indonesia
783,Janos,Ledgley,jledgleylq@ucsd.edu,Male,Accounting Assistant IV,Netherlands
784,Christean,Cessford,ccessfordlr@jimdo.com,Female,Account Representative III,Indonesia
785,Norri,Slixby,nslixbyls@sakura.ne.jp,Female,Nurse,China
786,Heidi,Smither,hsmitherlt@wordpress.com,Female,Marketing Assistant,United States
787,Farly,Extence,fextencelu@opensource.org,Male,Internal Auditor,Brazil
788,Cicely,Corkill,ccorkilllv@cnbc.com,Female,Engineer I,China
789,Clywd,McCromley,cmccromleylw@sphinn.com,Male,Graphic Designer,Portugal
790,Tedra,Chasemore,tchasemorelx@ucsd.edu,Female,Computer Systems Analyst II,China
791,Pris,Petroulis,ppetroulisly@sfgate.com,Female,Payment Adjustment Coordinator,Netherlands
792,Wandie,Baillie,wbaillielz@squarespace.com,Female,Cost Accountant,Bosnia and Herzegovina
793,Rebekah,Butson,rbutsonm0@blogger.com,Female,Information Systems Manager,Belarus
794,Carlota,Culter,cculterm1@spotify.com,Female,Recruiter,France
795,Lola,Matfield,lmatfieldm2@huffingtonpost.com,Female,Account Representative I,Russia
796,Viole,Quinsee,vquinseem3@home.pl,Female,VP Quality Control,Morocco
797,Joy,Pues,jpuesm4@shareasale.com,Female,Marketing Assistant,Portugal
798,Claribel,MacCawley,cmaccawleym5@canalblog.com,Female,Sales Representative,Russia
799,Jane,Charter,jcharterm6@themeforest.net,Female,Librarian,Tanzania
800,Ogdon,Balaison,obalaisonm7@guardian.co.uk,Male,VP Product Management,Iran
801,Starlin,Boston,sbostonm8@opera.com,Non-binary,Design Engineer,Panama
802,Rubetta,Kristof,rkristofm9@hhs.gov,Female,Electrical Engineer,Russia
803,Jordanna,Scarasbrick,jscarasbrickma@amazonaws.com,Female,Quality Control Specialist,China
804,Elyssa,Handforth,ehandforthmb@ebay.com,Female,Chief Design Engineer,Estonia
805,Modestia,Benjamin,mbenjaminmc@youku.com,Female,Human Resources Manager,Portugal
806,Sigismond,Theuff,stheuffmd@yahoo.com,Male,Payment Adjustment Coordinator,Brazil
807,Corabella,Hauger,chaugerme@fastcompany.com,Female,Marketing Assistant,China
808,Keefer,Bentke,kbentkemf@naver.com,Male,Senior Quality Engineer,Saint Vincent and the Grenadines
809,Tine,Noulton,tnoultonmg@ocn.ne.jp,Genderfluid,Cost Accountant,Nigeria
810,Calypso,Warman,cwarmanmh@telegraph.co.uk,Female,VP Quality Control,Indonesia
811,Janene,Von Gladbach,jvongladbachmi@addtoany.com,Female,Nurse,Portugal
812,Ora,Sayward,osaywardmj@a8.net,Female,Staff Scientist,Indonesia
813,Selinda,Whitney,swhitneymk@list-manage.com,Female,Junior Executive,Burkina Faso
814,Tammie,Syde,tsydeml@cisco.com,Polygender,Database Administrator III,Portugal
815,Errol,Dowbakin,edowbakinmm@cyberchimps.com,Male,Structural Analysis Engineer,Indonesia
816,Launce,Elwood,lelwoodmn@wufoo.com,Male,Professor,Indonesia
817,Giavani,Thunders,gthundersmo@delicious.com,Male,Design Engineer,Malaysia
818,Codie,Bealing,cbealingmp@odnoklassniki.ru,Male,Help Desk Technician,Azerbaijan
819,Ava,O'Keenan,aokeenanmq@dailymail.co.uk,Female,Paralegal,China
820,Wilone,Galland,wgallandmr@epa.gov,Female,Senior Quality Engineer,United States
821,Dorri,Woodburn,dwoodburnms@altervista.org,Female,Teacher,China
822,Reggie,Keynes,rkeynesmt@ameblo.jp,Male,Financial Advisor,United States
823,Gracie,O'Carroll,gocarrollmu@state.gov,Polygender,Database Administrator I,Croatia
824,Gaylor,Pencost,gpencostmv@dailymotion.com,Male,Engineer II,China
825,Lela,Moughton,lmoughtonmw@github.io,Female,Web Developer II,Russia
826,Basil,Accum,baccummx@4shared.com,Male,Clinical Specialist,China
827,Beltran,McPhilemy,bmcphilemymy@nsw.gov.au,Male,Business Systems Development Analyst,China
828,Tomaso,Anstiss,tanstissmz@netvibes.com,Male,Analyst Programmer,Mexico
829,Andra,Gozney,agozneyn0@huffingtonpost.com,Female,Health Coach I,China
830,Lelah,Stennett,lstennettn1@nymag.com,Female,Programmer Analyst I,Indonesia
831,Mackenzie,Cuell,mcuelln2@bbc.co.uk,Male,Dental Hygienist,Cyprus
832,Maryjo,Handy,mhandyn3@salon.com,Female,Recruiting Manager,United States
833,Kassia,Serginson,kserginsonn4@gnu.org,Female,Director of Sales,Sweden
834,Delia,De Castri,ddecastrin5@jalbum.net,Female,Account Representative IV,Nigeria
835,Melinda,Ghost,mghostn6@time.com,Female,Tax Accountant,Poland
836,Lonnie,Chatelet,lchateletn7@weebly.com,Male,Environmental Specialist,Mexico
837,Lena,MacAindreis,lmacaindreisn8@amazon.co.jp,Female,Associate Professor,Ukraine
838,Rudie,Allbones,rallbonesn9@deliciousdays.com,Male,Biostatistician I,Indonesia
839,Edlin,Lisciandro,elisciandrona@arstechnica.com,Male,Research Assistant III,China
840,Kim,Andriveau,kandriveaunb@tripadvisor.com,Male,Research Assistant III,Indonesia
841,Alameda,Partleton,apartletonnc@desdev.cn,Female,Web Designer III,Indonesia
842,Terencio,Keysall,tkeysallnd@craigslist.org,Male,Software Test Engineer III,Philippines
843,Keelby,Quade,kquadene@unicef.org,Male,Financial Advisor,Honduras
844,Evvie,Maric,emaricnf@geocities.jp,Female,Business Systems Development Analyst,Canada
845,Marys,Ropcke,mropckeng@freewebs.com,Female,Help Desk Operator,Dominican Republic
846,Constanta,Imlacke,cimlackenh@independent.co.uk,Bigender,Clinical Specialist,Indonesia
847,Maryjane,Amy,mamyni@bigcartel.com,Female,Human Resources Assistant II,Philippines
848,Des,Batkin,dbatkinnj@cam.ac.uk,Male,Occupational Therapist,Philippines
849,Margret,Tenney,mtenneynk@discuz.net,Female,Human Resources Manager,Russia
850,Henri,Lewendon,hlewendonnl@instagram.com,Genderfluid,Marketing Manager,Morocco
851,Johnathon,Dulen,jdulennm@hhs.gov,Male,Assistant Media Planner,China
852,Ibrahim,Furmagier,ifurmagiernn@mozilla.com,Agender,Health Coach III,China
853,Thibaut,Lessmare,tlessmareno@reddit.com,Male,Administrative Officer,Poland
854,Carol,Gypps,cgyppsnp@netlog.com,Female,Information Systems Manager,China
855,Frederigo,Scriviner,fscrivinernq@webeden.co.uk,Male,Statistician II,China
856,Freida,Mation,fmationnr@tripod.com,Female,Office Assistant IV,China
857,Guntar,Lamden,glamdenns@macromedia.com,Male,Marketing Manager,Indonesia
858,Vania,Matushevitz,vmatushevitznt@apache.org,Female,Database Administrator II,Indonesia
859,Bambie,Haime,bhaimenu@rambler.ru,Female,Design Engineer,Japan
860,Corney,Witling,cwitlingnv@shutterfly.com,Male,Sales Associate,Greece
861,Bogey,Letixier,bletixiernw@51.la,Male,Account Coordinator,Iran
862,Reinald,Flower,rflowernx@aol.com,Male,Director of Sales,Indonesia
863,Kareem,Pirrey,kpirreyny@rediff.com,Male,Project Manager,Sweden
864,Marion,Cansdale,mcansdalenz@barnesandnoble.com,Male,Physical Therapy Assistant,Indonesia
865,Suzanne,Alison,salisono0@wikispaces.com,Female,Account Executive,Nigeria
866,Courtnay,Vedenichev,cvedenichevo1@phoca.cz,Female,Payment Adjustment Coordinator,Afghanistan
867,Aubrette,Abelson,aabelsono2@reddit.com,Female,Internal Auditor,Democratic Republic of the Congo
868,Stephan,Sapsed,ssapsedo3@paypal.com,Genderfluid,Senior Editor,Mauritius
869,Janeczka,Bunny,jbunnyo4@google.nl,Female,Senior Sales Associate,Indonesia
870,Guilbert,Brasner,gbrasnero5@lulu.com,Male,Cost Accountant,Netherlands
871,Doti,Sarjent,dsarjento6@jimdo.com,Female,Social Worker,China
872,Paulo,Aizikovich,paizikovicho7@home.pl,Male,Speech Pathologist,Australia
873,Stillman,Schulken,sschulkeno8@lycos.com,Male,Web Designer IV,Sweden
874,Hershel,Beetham,hbeethamo9@ovh.net,Male,Professor,Madagascar
875,Doti,Shinn,dshinnoa@xing.com,Female,Accounting Assistant I,Albania
876,Eustace,Jenkin,ejenkinob@drupal.org,Polygender,Assistant Professor,Morocco
877,Constantia,Hrachovec,chrachovecoc@washingtonpost.com,Female,Environmental Specialist,China
878,Lowell,Leimster,lleimsterod@hao123.com,Male,Help Desk Operator,France
879,Wrennie,Reford,wrefordoe@phoca.cz,Female,Financial Analyst,China
880,Geri,Kupisz,gkupiszof@qq.com,Female,Nuclear Power Engineer,United States
881,Glenn,Farlam,gfarlamog@shop-pro.jp,Male,VP Marketing,Argentina
882,Bax,Rickett,brickettoh@unc.edu,Bigender,Nurse Practicioner,Saudi Arabia
883,Gottfried,Duckerin,gduckerinoi@google.ru,Male,Marketing Manager,Honduras
884,Marylee,MacEveley,mmaceveleyoj@biblegateway.com,Female,Civil Engineer,Myanmar
885,Everett,Wrotham,ewrothamok@nbcnews.com,Genderfluid,Administrative Officer,Indonesia
886,Jodie,Cruxton,jcruxtonol@homestead.com,Female,Geological Engineer,Indonesia
887,Randolf,Mullin,rmullinom@mozilla.com,Male,Payment Adjustment Coordinator,Pakistan
888,Cathee,Krolik,ckrolikon@cbslocal.com,Female,Editor,Madagascar
889,Giffie,Overel,govereloo@auda.org.au,Male,Project Manager,Philippines
890,Nance,Halwood,nhalwoodop@tmall.com,Female,Payment Adjustment Coordinator,Indonesia
891,Humfried,Callard,hcallardoq@soup.io,Male,Civil Engineer,France
892,Gwenore,Wright,gwrightor@pbs.org,Female,Product Engineer,Philippines
893,Olimpia,Thorby,othorbyos@quantcast.com,Genderfluid,Environmental Specialist,Russia
894,Katha,Sumshon,ksumshonot@google.nl,Bigender,Web Designer III,United States
895,Greg,Kunert,gkunertou@google.com,Male,Geologist I,Serbia
896,Scarlet,Baxill,sbaxillov@nyu.edu,Female,Senior Developer,South Korea
897,Gail,Clericoates,gclericoatesow@sourceforge.net,Female,Help Desk Technician,Indonesia
898,Abeu,Leaves,aleavesox@shop-pro.jp,Male,Recruiter,Colombia
899,Burton,Itzcak,bitzcakoy@weebly.com,Male,Financial Analyst,Burkina Faso
900,Persis,Aspinal,paspinaloz@earthlink.net,Female,Media Manager I,Portugal
901,Yvon,Lytle,ylytlep0@blog.com,Male,Staff Accountant III,Japan
902,Fiann,Shimmings,fshimmingsp1@stumbleupon.com,Female,Payment Adjustment Coordinator,Indonesia
903,Winfred,Ible,wiblep2@moonfruit.com,Male,Research Assistant III,Colombia
904,Orel,Liddard,oliddardp3@people.com.cn,Female,Professor,United States
905,Carissa,Regglar,cregglarp4@hp.com,Female,Tax Accountant,Mongolia
906,Katusha,O'Geaney,kogeaneyp5@opensource.org,Female,Human Resources Assistant II,Poland
907,Lydon,Fitkin,lfitkinp6@walmart.com,Male,Software Test Engineer I,Philippines
908,Merissa,Glanester,mglanesterp7@statcounter.com,Female,Developer III,Brazil
909,Barnard,Rabier,brabierp8@dailymail.co.uk,Male,Statistician IV,Indonesia
910,Maris,Ambrosoni,mambrosonip9@weather.com,Female,Senior Quality Engineer,Zimbabwe
911,Bunni,Spanswick,bspanswickpa@1688.com,Female,Mechanical Systems Engineer,Brazil
912,Dreddy,Hedgeley,dhedgeleypb@163.com,Female,VP Quality Control,Argentina
913,Lutero,Tuttiett,ltuttiettpc@bravesites.com,Male,Help Desk Operator,China
914,Farra,Sandry,fsandrypd@ehow.com,Female,Chemical Engineer,Senegal
915,Karim,Deedes,kdeedespe@cbsnews.com,Male,Librarian,Mexico
916,Raimundo,Zylberdik,rzylberdikpf@cyberchimps.com,Male,Senior Financial Analyst,China
917,Mirilla,Reyne,mreynepg@nhs.uk,Female,Project Manager,Indonesia
918,Kippy,Kobierra,kkobierraph@who.int,Female,Health Coach IV,Honduras
919,Hurley,Nowland,hnowlandpi@elegantthemes.com,Male,Marketing Assistant,Peru
920,Shea,Bayford,sbayfordpj@i2i.jp,Male,Quality Engineer,China
921,Carce,Dinsale,cdinsalepk@state.tx.us,Male,Staff Scientist,Ukraine
922,Taber,Yantsev,tyantsevpl@myspace.com,Male,Project Manager,Argentina
923,Camellia,Hackett,chackettpm@house.gov,Genderfluid,Developer III,Greece
924,Lishe,Coldbreath,lcoldbreathpn@wunderground.com,Female,Pharmacist,South Africa
925,Erwin,Local,elocalpo@oaic.gov.au,Male,Administrative Officer,Nicaragua
926,Correy,Cawsby,ccawsbypp@unicef.org,Male,Data Coordiator,China
927,Freeman,Truesdale,ftruesdalepq@addtoany.com,Male,Database Administrator II,Philippines
928,Lorne,Pabst,lpabstpr@xing.com,Male,Environmental Tech,Indonesia
929,Roselle,Blann,rblannps@aol.com,Female,Engineer IV,United States
930,Stefa,Bantick,sbantickpt@mysql.com,Female,Staff Scientist,Japan
931,Efren,Budd,ebuddpu@unicef.org,Male,Automation Specialist II,Czech Republic
932,Kinna,Fincham,kfinchampv@home.pl,Female,Media Manager IV,Czech Republic
933,Maggy,O'Sherin,mosherinpw@netlog.com,Female,Software Engineer IV,Honduras
934,Kizzee,Van Niekerk,kvanniekerkpx@census.gov,Female,Media Manager I,Canada
935,Matilde,Abels,mabelspy@prweb.com,Female,General Manager,Haiti
936,Brok,Elvidge,belvidgepz@uiuc.edu,Male,Graphic Designer,China
937,Keeley,Handslip,khandslipq0@domainmarket.com,Female,Accounting Assistant IV,Argentina
938,Wenonah,Fernant,wfernantq1@youku.com,Female,Developer II,China
939,Sherie,Hackworth,shackworthq2@live.com,Polygender,Senior Cost Accountant,China
940,Jerrie,Stovin,jstovinq3@hostgator.com,Female,VP Sales,China
941,Meghann,Geelan,mgeelanq4@aol.com,Female,Administrative Assistant IV,China
942,Abby,Tocque,atocqueq5@stanford.edu,Genderfluid,Tax Accountant,Reunion
943,Humbert,O'Fergus,hofergusq6@columbia.edu,Male,Sales Associate,France
944,Kev,Frisby,kfrisbyq7@disqus.com,Male,Recruiting Manager,United States
945,Saul,Ivain,sivainq8@toplist.cz,Male,Recruiter,Greece
946,Kendell,Darlington,kdarlingtonq9@hc360.com,Male,Accountant I,France
947,Syman,Guiel,sguielqa@booking.com,Male,VP Sales,Indonesia
948,Carlen,Panter,cpanterqb@mediafire.com,Female,Associate Professor,Japan
949,Albertine,Kobelt,akobeltqc@intel.com,Female,Tax Accountant,China
950,Delcina,Philpots,dphilpotsqd@webeden.co.uk,Polygender,Clinical Specialist,Poland
951,Sonnie,Balffye,sbalffyeqe@newyorker.com,Female,Recruiter,China
952,Hillery,Simm,hsimmqf@barnesandnoble.com,Male,Technical Writer,Russia
953,Dionis,Mordacai,dmordacaiqg@latimes.com,Female,Media Manager IV,Uruguay
954,Westleigh,Lemery,wlemeryqh@sbwire.com,Male,Sales Representative,Portugal
955,Raynor,Wood,rwoodqi@bloomberg.com,Male,Geologist IV,China
956,Nikaniki,Amphlett,namphlettqj@psu.edu,Agender,Analog Circuit Design manager,Thailand
957,Gail,Riseborough,griseboroughqk@ifeng.com,Polygender,Professor,Sweden
958,Cecilia,Moxsom,cmoxsomql@amazon.de,Female,Associate Professor,Philippines
959,Taddeo,Minchenton,tminchentonqm@cnet.com,Male,Research Assistant I,Poland
960,Mathilde,Connors,mconnorsqn@issuu.com,Female,Engineer IV,Russia
961,Norine,Wilce,nwilceqo@wp.com,Female,Community Outreach Specialist,South Korea
962,Orazio,Hallatt,ohallattqp@furl.net,Male,General Manager,China
963,Silvie,Kerbey,skerbeyqq@va.gov,Female,Programmer IV,China
964,Correy,Lorentzen,clorentzenqr@pbs.org,Female,Safety Technician II,United States
965,Wally,McElhinney,wmcelhinneyqs@fastcompany.com,Male,Media Manager II,Uganda
966,Alli,Michelin,amichelinqt@loc.gov,Female,Product Engineer,China
967,Terrell,Jeffcock,tjeffcockqu@nature.com,Male,Desktop Support Technician,China
968,Hamid,Egell,hegellqv@ihg.com,Male,Social Worker,Russia
969,Alasteir,Primo,aprimoqw@reuters.com,Male,Desktop Support Technician,Greece
970,Crosby,Bagniuk,cbagniukqx@noaa.gov,Male,Business Systems Development Analyst,Mexico
971,Willetta,Bynold,wbynoldqy@dmoz.org,Female,Graphic Designer,Nigeria
972,Wally,Domeney,wdomeneyqz@angelfire.com,Male,Product Engineer,China
973,Palm,Kehir,pkehirr0@photobucket.com,Male,Computer Systems Analyst IV,China
974,Allys,Carbry,acarbryr1@1688.com,Female,VP Accounting,Chile
975,Loralee,Baldin,lbaldinr2@ed.gov,Female,Engineer I,Honduras
976,Laryssa,Hayesman,lhayesmanr3@paginegialle.it,Female,Senior Quality Engineer,Russia
977,Gearalt,Puckey,gpuckeyr4@ucoz.ru,Agender,Financial Analyst,Thailand
978,Reinaldo,Bernardet,rbernardetr5@home.pl,Male,Nurse Practicioner,Russia
979,Em,Kleinhandler,ekleinhandlerr6@rakuten.co.jp,Female,Community Outreach Specialist,Mauritius
980,Bathsheba,Briatt,bbriattr7@twitpic.com,Female,Speech Pathologist,Uzbekistan
981,Essa,Abelovitz,eabelovitzr8@kickstarter.com,Female,Teacher,Indonesia
982,Gratia,Boocock,gboocockr9@creativecommons.org,Female,Project Manager,Thailand
983,Missie,Pudding,mpuddingra@arizona.edu,Female,Geological Engineer,Colombia
984,Georas,Odgers,godgersrb@ifeng.com,Male,Junior Executive,Yemen
985,Tildi,Salla,tsallarc@wikimedia.org,Female,VP Accounting,Indonesia
986,Kelby,Killingback,kkillingbackrd@disqus.com,Male,Physical Therapy Assistant,Yemen
987,Tybalt,Reddin,treddinre@blogtalkradio.com,Male,Account Executive,Indonesia
988,Meier,Belle,mbellerf@tripod.com,Male,Actuary,Sweden
989,Codi,Roncelli,croncellirg@house.gov,Female,Research Associate,China
990,Hallsy,Boich,hboichrh@pinterest.com,Male,Software Test Engineer IV,Greece
991,Gabe,Devonshire,gdevonshireri@tumblr.com,Genderqueer,Cost Accountant,Syria
992,Isidro,Beteriss,ibeterissrj@indiatimes.com,Male,Geological Engineer,Indonesia
993,Rennie,Bailes,rbailesrk@boston.com,Female,Nuclear Power Engineer,Thailand
994,Karlan,Gooddie,kgooddierl@si.edu,Male,Community Outreach Specialist,Indonesia
995,Svend,Petrolli,spetrollirm@about.me,Male,Financial Advisor,China
996,Benjy,Haisell,bhaisellrn@state.gov,Male,Health Coach III,Tanzania
997,Elenore,Corless,ecorlessro@bravesites.com,Female,Administrative Officer,Honduras
998,Terrel,Taree,ttareerp@rediff.com,Male,Account Executive,Honduras
999,Myrwyn,Malthouse,mmalthouserq@blogtalkradio.com,Male,Editor,Mexico
1000,Curcio,Tallon,ctallonrr@taobao.com,Male,VP Product Management,Brazil
